<?xml version="1.0" encoding="UTF-8"?>
<osm generator="VMB">
  <MetaInfo format_version="1" map_version="6"/>
  <node id="8" lat="" lon="">
    <tag k="mgrs_code" v="99XXX000000"/>
    <tag k="local_x" v="13.6804"/>
    <tag k="local_y" v="3.1525"/>
    <tag k="ele" v="-1.9827"/>
  </node>
  <node id="9" lat="" lon="">
    <tag k="mgrs_code" v="99XXX0-1000"/>
    <tag k="local_x" v="-57.5833"/>
    <tag k="local_y" v="4.4847"/>
    <tag k="ele" v="-1.2038"/>
  </node>
  <node id="11" lat="" lon="">
    <tag k="mgrs_code" v="99XXX000000"/>
    <tag k="local_x" v="13.6304"/>
    <tag k="local_y" v="0.4781"/>
    <tag k="ele" v="-1.9827"/>
  </node>
  <node id="12" lat="" lon="">
    <tag k="mgrs_code" v="99XXX0-1000"/>
    <tag k="local_x" v="-57.6333"/>
    <tag k="local_y" v="1.7472"/>
    <tag k="ele" v="-1.2038"/>
  </node>
  <node id="22" lat="" lon="">
    <tag k="mgrs_code" v="99XXX0-10-1"/>
    <tag k="local_x" v="-57.7625"/>
    <tag k="local_y" v="-0.8979"/>
    <tag k="ele" v="-1.1524"/>
  </node>
  <node id="23" lat="" lon="">
    <tag k="mgrs_code" v="99XXX0000-1"/>
    <tag k="local_x" v="13.5236"/>
    <tag k="local_y" v="-2.354"/>
    <tag k="ele" v="-1.9082"/>
  </node>
  <node id="30" lat="" lon="">
    <tag k="mgrs_code" v="99XXX0-10-1"/>
    <tag k="local_x" v="-59.9926"/>
    <tag k="local_y" v="-45.2246"/>
    <tag k="ele" v="-0.6257"/>
  </node>
  <node id="31" lat="" lon="">
    <tag k="mgrs_code" v="99XXX0-10-1"/>
    <tag k="local_x" v="-25.1776"/>
    <tag k="local_y" v="-46.1307"/>
    <tag k="ele" v="-0.2053"/>
  </node>
  <node id="37" lat="" lon="">
    <tag k="mgrs_code" v="99XXX0-10-1"/>
    <tag k="local_x" v="-24.9882"/>
    <tag k="local_y" v="-40.7576"/>
    <tag k="ele" v="-0.2505"/>
  </node>
  <node id="38" lat="" lon="">
    <tag k="mgrs_code" v="99XXX0-10-1"/>
    <tag k="local_x" v="-58.5727"/>
    <tag k="local_y" v="-39.9074"/>
    <tag k="ele" v="-0.6664"/>
  </node>
  <node id="40" lat="" lon="">
    <tag k="mgrs_code" v="99XXX0-10-1"/>
    <tag k="local_x" v="-25.0559"/>
    <tag k="local_y" v="-43.4315"/>
    <tag k="ele" v="-0.2505"/>
  </node>
  <node id="41" lat="" lon="">
    <tag k="mgrs_code" v="99XXX0-10-1"/>
    <tag k="local_x" v="-58.6404"/>
    <tag k="local_y" v="-42.5813"/>
    <tag k="ele" v="-0.6664"/>
  </node>
  <node id="52" lat="" lon="">
    <tag k="mgrs_code" v="99XXX0-10-1"/>
    <tag k="local_x" v="-25.1031"/>
    <tag k="local_y" v="-57.9714"/>
    <tag k="ele" v="0.2115"/>
  </node>
  <node id="53" lat="" lon="">
    <tag k="mgrs_code" v="99XXX0-10-1"/>
    <tag k="local_x" v="-60.2688"/>
    <tag k="local_y" v="-57.1904"/>
    <tag k="ele" v="-0.2949"/>
  </node>
  <node id="59" lat="" lon="">
    <tag k="mgrs_code" v="99XXX0-10-1"/>
    <tag k="local_x" v="-60.3768"/>
    <tag k="local_y" v="-62.7492"/>
    <tag k="ele" v="-0.204"/>
  </node>
  <node id="60" lat="" lon="">
    <tag k="mgrs_code" v="99XXX0-10-1"/>
    <tag k="local_x" v="-25.3841"/>
    <tag k="local_y" v="-63.4402"/>
    <tag k="ele" v="0.2834"/>
  </node>
  <node id="62" lat="" lon="">
    <tag k="mgrs_code" v="99XXX0-10-1"/>
    <tag k="local_x" v="-60.3249"/>
    <tag k="local_y" v="-59.975"/>
    <tag k="ele" v="-0.204"/>
  </node>
  <node id="63" lat="" lon="">
    <tag k="mgrs_code" v="99XXX0-10-1"/>
    <tag k="local_x" v="-25.3322"/>
    <tag k="local_y" v="-60.666"/>
    <tag k="ele" v="0.2834"/>
  </node>
  <node id="67" lat="" lon="">
    <tag k="mgrs_code" v="99XXX0-10-1"/>
    <tag k="local_x" v="-25.5782"/>
    <tag k="local_y" v="-76.9386"/>
    <tag k="ele" v="0.2115"/>
  </node>
  <node id="68" lat="" lon="">
    <tag k="mgrs_code" v="99XXX0-10-1"/>
    <tag k="local_x" v="-60.7439"/>
    <tag k="local_y" v="-76.1576"/>
    <tag k="ele" v="-0.2949"/>
  </node>
  <node id="69" lat="" lon="">
    <tag k="mgrs_code" v="99XXX0-10-1"/>
    <tag k="local_x" v="-60.8009"/>
    <tag k="local_y" v="-78.9422"/>
    <tag k="ele" v="-0.204"/>
  </node>
  <node id="70" lat="" lon="">
    <tag k="mgrs_code" v="99XXX0-10-1"/>
    <tag k="local_x" v="-25.8082"/>
    <tag k="local_y" v="-79.6332"/>
    <tag k="ele" v="0.2834"/>
  </node>
  <node id="71" lat="" lon="">
    <tag k="mgrs_code" v="99XXX0-10-1"/>
    <tag k="local_x" v="-60.7073"/>
    <tag k="local_y" v="-81.6208"/>
    <tag k="ele" v="-0.204"/>
  </node>
  <node id="72" lat="" lon="">
    <tag k="mgrs_code" v="99XXX0-10-1"/>
    <tag k="local_x" v="-25.7146"/>
    <tag k="local_y" v="-82.3118"/>
    <tag k="ele" v="0.2834"/>
  </node>
  <node id="78" lat="" lon="">
    <tag k="mgrs_code" v="99XXX0-10-1"/>
    <tag k="local_x" v="-74.9415"/>
    <tag k="local_y" v="-41.876"/>
    <tag k="ele" v="-0.2505"/>
  </node>
  <node id="79" lat="" lon="">
    <tag k="mgrs_code" v="99XXX0-20-1"/>
    <tag k="local_x" v="-127.7825"/>
    <tag k="local_y" v="-40.9765"/>
    <tag k="ele" v="-0.6664"/>
  </node>
  <node id="80" lat="" lon="">
    <tag k="mgrs_code" v="99XXX0-10-1"/>
    <tag k="local_x" v="-74.9118"/>
    <tag k="local_y" v="-39.0264"/>
    <tag k="ele" v="-0.2505"/>
  </node>
  <node id="81" lat="" lon="">
    <tag k="mgrs_code" v="99XXX0-20-1"/>
    <tag k="local_x" v="-127.729"/>
    <tag k="local_y" v="-37.7776"/>
    <tag k="ele" v="-0.6664"/>
  </node>
  <node id="82" lat="" lon="">
    <tag k="mgrs_code" v="99XXX0-20-1"/>
    <tag k="local_x" v="-127.8436"/>
    <tag k="local_y" v="-43.9734"/>
    <tag k="ele" v="-0.6664"/>
  </node>
  <node id="83" lat="" lon="">
    <tag k="mgrs_code" v="99XXX0-10-1"/>
    <tag k="local_x" v="-74.9994"/>
    <tag k="local_y" v="-44.9729"/>
    <tag k="ele" v="-0.2505"/>
  </node>
  <node id="89" lat="" lon="">
    <tag k="mgrs_code" v="99XXX0-1000"/>
    <tag k="local_x" v="-74.2845"/>
    <tag k="local_y" v="2.3188"/>
    <tag k="ele" v="-0.2505"/>
  </node>
  <node id="90" lat="" lon="">
    <tag k="mgrs_code" v="99XXX0-2000"/>
    <tag k="local_x" v="-127.1255"/>
    <tag k="local_y" v="3.2183"/>
    <tag k="ele" v="-0.6664"/>
  </node>
  <node id="91" lat="" lon="">
    <tag k="mgrs_code" v="99XXX0-1000"/>
    <tag k="local_x" v="-74.0395"/>
    <tag k="local_y" v="5.2533"/>
    <tag k="ele" v="-0.2505"/>
  </node>
  <node id="92" lat="" lon="">
    <tag k="mgrs_code" v="99XXX0-2000"/>
    <tag k="local_x" v="-126.8769"/>
    <tag k="local_y" v="6.2027"/>
    <tag k="ele" v="-0.6664"/>
  </node>
  <node id="93" lat="" lon="">
    <tag k="mgrs_code" v="99XXX0-2000"/>
    <tag k="local_x" v="-127.1706"/>
    <tag k="local_y" v="0.5688"/>
    <tag k="ele" v="-0.6664"/>
  </node>
  <node id="94" lat="" lon="">
    <tag k="mgrs_code" v="99XXX0-10-1"/>
    <tag k="local_x" v="-74.3296"/>
    <tag k="local_y" v="-0.3307"/>
    <tag k="ele" v="-0.2505"/>
  </node>
  <node id="100" lat="" lon="">
    <tag k="mgrs_code" v="99XXX0-1000"/>
    <tag k="local_x" v="-76.31"/>
    <tag k="local_y" v="58.1144"/>
    <tag k="ele" v="1.2977"/>
  </node>
  <node id="101" lat="" lon="">
    <tag k="mgrs_code" v="99XXX0-2000"/>
    <tag k="local_x" v="-126.3158"/>
    <tag k="local_y" v="59.0465"/>
    <tag k="ele" v="1.5776"/>
  </node>
  <node id="103" lat="" lon="">
    <tag k="mgrs_code" v="99XXX0-1000"/>
    <tag k="local_x" v="-76.4479"/>
    <tag k="local_y" v="53.3015"/>
    <tag k="ele" v="1.2977"/>
  </node>
  <node id="104" lat="" lon="">
    <tag k="mgrs_code" v="99XXX0-2000"/>
    <tag k="local_x" v="-126.4359"/>
    <tag k="local_y" v="54.5727"/>
    <tag k="ele" v="1.5776"/>
  </node>
  <node id="107" lat="" lon="">
    <tag k="mgrs_code" v="99XXX0-2000"/>
    <tag k="local_x" v="-126.5223"/>
    <tag k="local_y" v="49.9939"/>
    <tag k="ele" v="1.4627"/>
  </node>
  <node id="108" lat="" lon="">
    <tag k="mgrs_code" v="99XXX0-1000"/>
    <tag k="local_x" v="-76.6884"/>
    <tag k="local_y" v="48.6427"/>
    <tag k="ele" v="1.118"/>
  </node>
  <node id="120" lat="" lon="">
    <tag k="mgrs_code" v="99XXX0-2000"/>
    <tag k="local_x" v="-132.6104"/>
    <tag k="local_y" v="41.3726"/>
    <tag k="ele" v="1.3032"/>
  </node>
  <node id="121" lat="" lon="">
    <tag k="mgrs_code" v="99XXX0-2000"/>
    <tag k="local_x" v="-133.3877"/>
    <tag k="local_y" v="11.3883"/>
    <tag k="ele" v="0.7045"/>
  </node>
  <node id="123" lat="" lon="">
    <tag k="mgrs_code" v="99XXX0-20-1"/>
    <tag k="local_x" v="-133.5577"/>
    <tag k="local_y" v="-4.7021"/>
    <tag k="ele" v="0.5148"/>
  </node>
  <node id="124" lat="" lon="">
    <tag k="mgrs_code" v="99XXX0-20-1"/>
    <tag k="local_x" v="-134.0681"/>
    <tag k="local_y" v="-33.0436"/>
    <tag k="ele" v="0.4465"/>
  </node>
  <node id="126" lat="" lon="">
    <tag k="mgrs_code" v="99XXX0-20-1"/>
    <tag k="local_x" v="-134.6632"/>
    <tag k="local_y" v="-48.6431"/>
    <tag k="ele" v="0.4603"/>
  </node>
  <node id="127" lat="" lon="">
    <tag k="mgrs_code" v="99XXX0-20-1"/>
    <tag k="local_x" v="-135.4032"/>
    <tag k="local_y" v="-81.4519"/>
    <tag k="ele" v="0.3456"/>
  </node>
  <node id="133" lat="" lon="">
    <tag k="mgrs_code" v="99XXX0-20-1"/>
    <tag k="local_x" v="-137.5221"/>
    <tag k="local_y" v="-4.6751"/>
    <tag k="ele" v="0.5148"/>
  </node>
  <node id="134" lat="" lon="">
    <tag k="mgrs_code" v="99XXX0-20-1"/>
    <tag k="local_x" v="-138.1282"/>
    <tag k="local_y" v="-33.4122"/>
    <tag k="ele" v="0.4465"/>
  </node>
  <node id="136" lat="" lon="">
    <tag k="mgrs_code" v="99XXX0-20-1"/>
    <tag k="local_x" v="-139.5468"/>
    <tag k="local_y" v="-48.5927"/>
    <tag k="ele" v="0.4603"/>
  </node>
  <node id="137" lat="" lon="">
    <tag k="mgrs_code" v="99XXX0-20-1"/>
    <tag k="local_x" v="-140.1543"/>
    <tag k="local_y" v="-81.428"/>
    <tag k="ele" v="0.3456"/>
  </node>
  <node id="146" lat="" lon="">
    <tag k="mgrs_code" v="99XXX0-20-1"/>
    <tag k="local_x" v="-141.4986"/>
    <tag k="local_y" v="-4.6704"/>
    <tag k="ele" v="0.5882"/>
  </node>
  <node id="147" lat="" lon="">
    <tag k="mgrs_code" v="99XXX0-20-1"/>
    <tag k="local_x" v="-142.224"/>
    <tag k="local_y" v="-32.6115"/>
    <tag k="ele" v="0.5305"/>
  </node>
  <node id="149" lat="" lon="">
    <tag k="mgrs_code" v="99XXX0-20-1"/>
    <tag k="local_x" v="-144.211"/>
    <tag k="local_y" v="-48.5414"/>
    <tag k="ele" v="0.4993"/>
  </node>
  <node id="150" lat="" lon="">
    <tag k="mgrs_code" v="99XXX0-20-1"/>
    <tag k="local_x" v="-144.6915"/>
    <tag k="local_y" v="-81.3505"/>
    <tag k="ele" v="0.5935"/>
  </node>
  <node id="156" lat="" lon="">
    <tag k="mgrs_code" v="99XXX0-2000"/>
    <tag k="local_x" v="-136.4602"/>
    <tag k="local_y" v="41.3027"/>
    <tag k="ele" v="1.3032"/>
  </node>
  <node id="157" lat="" lon="">
    <tag k="mgrs_code" v="99XXX0-2000"/>
    <tag k="local_x" v="-137.2875"/>
    <tag k="local_y" v="11.3178"/>
    <tag k="ele" v="0.7045"/>
  </node>
  <node id="159" lat="" lon="">
    <tag k="mgrs_code" v="99XXX0-2000"/>
    <tag k="local_x" v="-140.5684"/>
    <tag k="local_y" v="41.2087"/>
    <tag k="ele" v="1.3032"/>
  </node>
  <node id="160" lat="" lon="">
    <tag k="mgrs_code" v="99XXX0-2000"/>
    <tag k="local_x" v="-141.2093"/>
    <tag k="local_y" v="11.271"/>
    <tag k="ele" v="0.7045"/>
  </node>
  <node id="164" lat="" lon="">
    <tag k="mgrs_code" v="99XXX0-10-1"/>
    <tag k="local_x" v="-20.5125"/>
    <tag k="local_y" v="-49.7296"/>
    <tag k="ele" v="0.0582"/>
  </node>
  <node id="165" lat="" lon="">
    <tag k="mgrs_code" v="99XXX0-10-1"/>
    <tag k="local_x" v="-20.5662"/>
    <tag k="local_y" v="-54.6205"/>
    <tag k="ele" v="0.1513"/>
  </node>
  <node id="167" lat="" lon="">
    <tag k="mgrs_code" v="99XXX0-10-1"/>
    <tag k="local_x" v="-20.7846"/>
    <tag k="local_y" v="-66.8676"/>
    <tag k="ele" v="0.4364"/>
  </node>
  <node id="168" lat="" lon="">
    <tag k="mgrs_code" v="99XXX0-10-1"/>
    <tag k="local_x" v="-20.9724"/>
    <tag k="local_y" v="-72.7327"/>
    <tag k="ele" v="0.5834"/>
  </node>
  <node id="170" lat="" lon="">
    <tag k="mgrs_code" v="99XXX0-10-1"/>
    <tag k="local_x" v="-17.7094"/>
    <tag k="local_y" v="-50.0516"/>
    <tag k="ele" v="0.0582"/>
  </node>
  <node id="171" lat="" lon="">
    <tag k="mgrs_code" v="99XXX0-10-1"/>
    <tag k="local_x" v="-17.7631"/>
    <tag k="local_y" v="-54.9425"/>
    <tag k="ele" v="0.1513"/>
  </node>
  <node id="173" lat="" lon="">
    <tag k="mgrs_code" v="99XXX0-10-1"/>
    <tag k="local_x" v="-14.8471"/>
    <tag k="local_y" v="-50.2071"/>
    <tag k="ele" v="0.0582"/>
  </node>
  <node id="174" lat="" lon="">
    <tag k="mgrs_code" v="99XXX0-10-1"/>
    <tag k="local_x" v="-14.9008"/>
    <tag k="local_y" v="-55.098"/>
    <tag k="ele" v="0.1513"/>
  </node>
  <node id="176" lat="" lon="">
    <tag k="mgrs_code" v="99XXX0-10-1"/>
    <tag k="local_x" v="-17.9783"/>
    <tag k="local_y" v="-67.0925"/>
    <tag k="ele" v="0.4364"/>
  </node>
  <node id="177" lat="" lon="">
    <tag k="mgrs_code" v="99XXX0-10-1"/>
    <tag k="local_x" v="-18.1661"/>
    <tag k="local_y" v="-72.9576"/>
    <tag k="ele" v="0.5834"/>
  </node>
  <node id="179" lat="" lon="">
    <tag k="mgrs_code" v="99XXX0-10-1"/>
    <tag k="local_x" v="-15.1875"/>
    <tag k="local_y" v="-67.1045"/>
    <tag k="ele" v="0.4364"/>
  </node>
  <node id="180" lat="" lon="">
    <tag k="mgrs_code" v="99XXX0-10-1"/>
    <tag k="local_x" v="-15.3753"/>
    <tag k="local_y" v="-72.9696"/>
    <tag k="ele" v="0.5834"/>
  </node>
  <node id="186" lat="" lon="">
    <tag k="mgrs_code" v="99XXX0-10-1"/>
    <tag k="local_x" v="-64.128"/>
    <tag k="local_y" v="-7.2699"/>
    <tag k="ele" v="-1.0304"/>
  </node>
  <node id="187" lat="" lon="">
    <tag k="mgrs_code" v="99XXX0-10-1"/>
    <tag k="local_x" v="-64.5732"/>
    <tag k="local_y" v="-32.5618"/>
    <tag k="ele" v="-0.791"/>
  </node>
  <node id="189" lat="" lon="">
    <tag k="mgrs_code" v="99XXX0-10-1"/>
    <tag k="local_x" v="-69.5536"/>
    <tag k="local_y" v="-7.5307"/>
    <tag k="ele" v="-1.0304"/>
  </node>
  <node id="190" lat="" lon="">
    <tag k="mgrs_code" v="99XXX0-10-1"/>
    <tag k="local_x" v="-70.0146"/>
    <tag k="local_y" v="-32.4678"/>
    <tag k="ele" v="-0.791"/>
  </node>
  <node id="192" lat="" lon="">
    <tag k="mgrs_code" v="99XXX0-10-1"/>
    <tag k="local_x" v="-66.8184"/>
    <tag k="local_y" v="-7.3681"/>
    <tag k="ele" v="-1.0304"/>
  </node>
  <node id="193" lat="" lon="">
    <tag k="mgrs_code" v="99XXX0-10-1"/>
    <tag k="local_x" v="-67.2636"/>
    <tag k="local_y" v="-32.66"/>
    <tag k="ele" v="-0.791"/>
  </node>
  <node id="195" lat="" lon="">
    <tag k="mgrs_code" v="99XXX0-10-1"/>
    <tag k="local_x" v="-64.8765"/>
    <tag k="local_y" v="-48.331"/>
    <tag k="ele" v="-0.4919"/>
  </node>
  <node id="196" lat="" lon="">
    <tag k="mgrs_code" v="99XXX0-10-1"/>
    <tag k="local_x" v="-65.0139"/>
    <tag k="local_y" v="-54.0498"/>
    <tag k="ele" v="-0.3595"/>
  </node>
  <node id="198" lat="" lon="">
    <tag k="mgrs_code" v="99XXX0-10-1"/>
    <tag k="local_x" v="-65.2514"/>
    <tag k="local_y" v="-65.7575"/>
    <tag k="ele" v="-0.1906"/>
  </node>
  <node id="199" lat="" lon="">
    <tag k="mgrs_code" v="99XXX0-10-1"/>
    <tag k="local_x" v="-65.2766"/>
    <tag k="local_y" v="-72.9565"/>
    <tag k="ele" v="0.1127"/>
  </node>
  <node id="201" lat="" lon="">
    <tag k="mgrs_code" v="99XXX0-10-1"/>
    <tag k="local_x" v="-67.9101"/>
    <tag k="local_y" v="-65.8171"/>
    <tag k="ele" v="-0.1906"/>
  </node>
  <node id="202" lat="" lon="">
    <tag k="mgrs_code" v="99XXX0-10-1"/>
    <tag k="local_x" v="-67.9353"/>
    <tag k="local_y" v="-73.0161"/>
    <tag k="ele" v="0.1127"/>
  </node>
  <node id="204" lat="" lon="">
    <tag k="mgrs_code" v="99XXX0-10-1"/>
    <tag k="local_x" v="-70.4845"/>
    <tag k="local_y" v="-65.8658"/>
    <tag k="ele" v="-0.1906"/>
  </node>
  <node id="205" lat="" lon="">
    <tag k="mgrs_code" v="99XXX0-10-1"/>
    <tag k="local_x" v="-70.4728"/>
    <tag k="local_y" v="-73.0648"/>
    <tag k="ele" v="0.1127"/>
  </node>
  <node id="207" lat="" lon="">
    <tag k="mgrs_code" v="99XXX0-1000"/>
    <tag k="local_x" v="-63.1152"/>
    <tag k="local_y" v="44.301"/>
    <tag k="ele" v="0.9937"/>
  </node>
  <node id="208" lat="" lon="">
    <tag k="mgrs_code" v="99XXX0-1000"/>
    <tag k="local_x" v="-63.8501"/>
    <tag k="local_y" v="7.4013"/>
    <tag k="ele" v="-1.1078"/>
  </node>
  <node id="210" lat="" lon="">
    <tag k="mgrs_code" v="99XXX0-1000"/>
    <tag k="local_x" v="-66.2022"/>
    <tag k="local_y" v="44.1897"/>
    <tag k="ele" v="0.9937"/>
  </node>
  <node id="211" lat="" lon="">
    <tag k="mgrs_code" v="99XXX0-1000"/>
    <tag k="local_x" v="-66.9371"/>
    <tag k="local_y" v="7.29"/>
    <tag k="ele" v="-1.1078"/>
  </node>
  <node id="213" lat="" lon="">
    <tag k="mgrs_code" v="99XXX0-1000"/>
    <tag k="local_x" v="-69.1841"/>
    <tag k="local_y" v="43.2746"/>
    <tag k="ele" v="0.9937"/>
  </node>
  <node id="214" lat="" lon="">
    <tag k="mgrs_code" v="99XXX0-1000"/>
    <tag k="local_x" v="-69.9377"/>
    <tag k="local_y" v="7.2249"/>
    <tag k="ele" v="-1.1078"/>
  </node>
  <node id="5598" lat="" lon="">
    <tag k="mgrs_code" v="99XXX0-10-1"/>
    <tag k="local_x" v="-67.5077"/>
    <tag k="local_y" v="-48.3109"/>
    <tag k="ele" v="-0.4919"/>
  </node>
  <node id="5599" lat="" lon="">
    <tag k="mgrs_code" v="99XXX0-10-1"/>
    <tag k="local_x" v="-67.6451"/>
    <tag k="local_y" v="-54.0297"/>
    <tag k="ele" v="-0.3595"/>
  </node>
  <node id="5601" lat="" lon="">
    <tag k="mgrs_code" v="99XXX0-10-1"/>
    <tag k="local_x" v="-70.1685"/>
    <tag k="local_y" v="-48.1737"/>
    <tag k="ele" v="-0.4919"/>
  </node>
  <node id="5602" lat="" lon="">
    <tag k="mgrs_code" v="99XXX0-10-1"/>
    <tag k="local_x" v="-70.3059"/>
    <tag k="local_y" v="-53.8925"/>
    <tag k="ele" v="-0.3595"/>
  </node>
  <node id="5609" lat="" lon="">
    <tag k="mgrs_code" v="99XXX0-10-1"/>
    <tag k="local_x" v="-67.8211"/>
    <tag k="local_y" v="-61.4008"/>
    <tag k="ele" v="-0.1994"/>
  </node>
  <node id="5610" lat="" lon="">
    <tag k="mgrs_code" v="99XXX0-10-1"/>
    <tag k="local_x" v="-67.8366"/>
    <tag k="local_y" v="-61.8953"/>
    <tag k="ele" v="-0.1994"/>
  </node>
  <node id="5611" lat="" lon="">
    <tag k="mgrs_code" v="99XXX0-10-1"/>
    <tag k="local_x" v="-67.8509"/>
    <tag k="local_y" v="-62.3882"/>
    <tag k="ele" v="-0.1994"/>
  </node>
  <node id="5612" lat="" lon="">
    <tag k="mgrs_code" v="99XXX0-10-1"/>
    <tag k="local_x" v="-67.8639"/>
    <tag k="local_y" v="-62.8811"/>
    <tag k="ele" v="-0.1994"/>
  </node>
  <node id="5613" lat="" lon="">
    <tag k="mgrs_code" v="99XXX0-10-1"/>
    <tag k="local_x" v="-67.8757"/>
    <tag k="local_y" v="-63.374"/>
    <tag k="ele" v="-0.1994"/>
  </node>
  <node id="5614" lat="" lon="">
    <tag k="mgrs_code" v="99XXX0-10-1"/>
    <tag k="local_x" v="-67.8861"/>
    <tag k="local_y" v="-63.867"/>
    <tag k="ele" v="-0.1994"/>
  </node>
  <node id="5615" lat="" lon="">
    <tag k="mgrs_code" v="99XXX0-10-1"/>
    <tag k="local_x" v="-67.8954"/>
    <tag k="local_y" v="-64.36"/>
    <tag k="ele" v="-0.1994"/>
  </node>
  <node id="5616" lat="" lon="">
    <tag k="mgrs_code" v="99XXX0-10-1"/>
    <tag k="local_x" v="-67.9033"/>
    <tag k="local_y" v="-64.8531"/>
    <tag k="ele" v="-0.1994"/>
  </node>
  <node id="5617" lat="" lon="">
    <tag k="mgrs_code" v="99XXX0-10-1"/>
    <tag k="local_x" v="-67.91"/>
    <tag k="local_y" v="-65.3479"/>
    <tag k="ele" v="-0.1994"/>
  </node>
  <node id="5618" lat="" lon="">
    <tag k="mgrs_code" v="99XXX0-10-1"/>
    <tag k="local_x" v="-70.4849"/>
    <tag k="local_y" v="-61.347"/>
    <tag k="ele" v="-0.1994"/>
  </node>
  <node id="5619" lat="" lon="">
    <tag k="mgrs_code" v="99XXX0-10-1"/>
    <tag k="local_x" v="-70.4893"/>
    <tag k="local_y" v="-61.8452"/>
    <tag k="ele" v="-0.1994"/>
  </node>
  <node id="5620" lat="" lon="">
    <tag k="mgrs_code" v="99XXX0-10-1"/>
    <tag k="local_x" v="-70.4925"/>
    <tag k="local_y" v="-62.345"/>
    <tag k="ele" v="-0.1994"/>
  </node>
  <node id="5621" lat="" lon="">
    <tag k="mgrs_code" v="99XXX0-10-1"/>
    <tag k="local_x" v="-70.4945"/>
    <tag k="local_y" v="-62.8449"/>
    <tag k="ele" v="-0.1994"/>
  </node>
  <node id="5622" lat="" lon="">
    <tag k="mgrs_code" v="99XXX0-10-1"/>
    <tag k="local_x" v="-70.4951"/>
    <tag k="local_y" v="-63.3447"/>
    <tag k="ele" v="-0.1994"/>
  </node>
  <node id="5623" lat="" lon="">
    <tag k="mgrs_code" v="99XXX0-10-1"/>
    <tag k="local_x" v="-70.4945"/>
    <tag k="local_y" v="-63.8445"/>
    <tag k="ele" v="-0.1994"/>
  </node>
  <node id="5624" lat="" lon="">
    <tag k="mgrs_code" v="99XXX0-10-1"/>
    <tag k="local_x" v="-70.4925"/>
    <tag k="local_y" v="-64.3443"/>
    <tag k="ele" v="-0.1994"/>
  </node>
  <node id="5625" lat="" lon="">
    <tag k="mgrs_code" v="99XXX0-10-1"/>
    <tag k="local_x" v="-70.4893"/>
    <tag k="local_y" v="-64.8441"/>
    <tag k="ele" v="-0.1994"/>
  </node>
  <node id="5626" lat="" lon="">
    <tag k="mgrs_code" v="99XXX0-10-1"/>
    <tag k="local_x" v="-70.4849"/>
    <tag k="local_y" v="-65.3422"/>
    <tag k="ele" v="-0.1994"/>
  </node>
  <node id="7084" lat="" lon="">
    <tag k="mgrs_code" v="99XXX0-20-1"/>
    <tag k="local_x" v="-142.645"/>
    <tag k="local_y" v="-33.4226"/>
    <tag k="ele" v="0.5501"/>
  </node>
  <node id="7085" lat="" lon="">
    <tag k="mgrs_code" v="99XXX0-20-1"/>
    <tag k="local_x" v="-143.8044"/>
    <tag k="local_y" v="-36.2523"/>
    <tag k="ele" v="0.6911"/>
  </node>
  <node id="7087" lat="" lon="">
    <tag k="mgrs_code" v="99XXX0-20-1"/>
    <tag k="local_x" v="-144.0837"/>
    <tag k="local_y" v="-37.5525"/>
    <tag k="ele" v="0.6225"/>
  </node>
  <node id="7088" lat="" lon="">
    <tag k="mgrs_code" v="99XXX0-20-1"/>
    <tag k="local_x" v="-144.2007"/>
    <tag k="local_y" v="-39.7268"/>
    <tag k="ele" v="0.6715"/>
  </node>
  <node id="7089" lat="" lon="">
    <tag k="mgrs_code" v="99XXX0-20-1"/>
    <tag k="local_x" v="-144.3513"/>
    <tag k="local_y" v="-48.2652"/>
    <tag k="ele" v="0.8046"/>
  </node>
  <node id="7160" lat="" lon="">
    <tag k="mgrs_code" v="99XXX0-20-1"/>
    <tag k="local_x" v="-133.3475"/>
    <tag k="local_y" v="-37.5999"/>
    <tag k="ele" v="-0.7059"/>
  </node>
  <node id="7161" lat="" lon="">
    <tag k="mgrs_code" v="99XXX0-20-1"/>
    <tag k="local_x" v="-134.1289"/>
    <tag k="local_y" v="-37.785"/>
    <tag k="ele" v="-0.7059"/>
  </node>
  <node id="7162" lat="" lon="">
    <tag k="mgrs_code" v="99XXX0-20-1"/>
    <tag k="local_x" v="-134.7069"/>
    <tag k="local_y" v="-38.1652"/>
    <tag k="ele" v="-0.7059"/>
  </node>
  <node id="7163" lat="" lon="">
    <tag k="mgrs_code" v="99XXX0-20-1"/>
    <tag k="local_x" v="-135.0323"/>
    <tag k="local_y" v="-38.5391"/>
    <tag k="ele" v="-0.7059"/>
  </node>
  <node id="7164" lat="" lon="">
    <tag k="mgrs_code" v="99XXX0-20-1"/>
    <tag k="local_x" v="-135.5892"/>
    <tag k="local_y" v="-38.6313"/>
    <tag k="ele" v="-0.7059"/>
  </node>
  <node id="7165" lat="" lon="">
    <tag k="mgrs_code" v="99XXX0-20-1"/>
    <tag k="local_x" v="-136.1422"/>
    <tag k="local_y" v="-38.7539"/>
    <tag k="ele" v="-0.7059"/>
  </node>
  <node id="7166" lat="" lon="">
    <tag k="mgrs_code" v="99XXX0-20-1"/>
    <tag k="local_x" v="-136.6895"/>
    <tag k="local_y" v="-38.907"/>
    <tag k="ele" v="-0.7059"/>
  </node>
  <node id="7167" lat="" lon="">
    <tag k="mgrs_code" v="99XXX0-20-1"/>
    <tag k="local_x" v="-137.2295"/>
    <tag k="local_y" v="-39.0903"/>
    <tag k="ele" v="-0.7059"/>
  </node>
  <node id="7168" lat="" lon="">
    <tag k="mgrs_code" v="99XXX0-20-1"/>
    <tag k="local_x" v="-137.7605"/>
    <tag k="local_y" v="-39.3033"/>
    <tag k="ele" v="-0.7059"/>
  </node>
  <node id="7169" lat="" lon="">
    <tag k="mgrs_code" v="99XXX0-20-1"/>
    <tag k="local_x" v="-138.281"/>
    <tag k="local_y" v="-39.5457"/>
    <tag k="ele" v="-0.7059"/>
  </node>
  <node id="7170" lat="" lon="">
    <tag k="mgrs_code" v="99XXX0-20-1"/>
    <tag k="local_x" v="-138.7891"/>
    <tag k="local_y" v="-39.8169"/>
    <tag k="ele" v="-0.7059"/>
  </node>
  <node id="7171" lat="" lon="">
    <tag k="mgrs_code" v="99XXX0-20-1"/>
    <tag k="local_x" v="-139.2834"/>
    <tag k="local_y" v="-40.1164"/>
    <tag k="ele" v="-0.7059"/>
  </node>
  <node id="7172" lat="" lon="">
    <tag k="mgrs_code" v="99XXX0-20-1"/>
    <tag k="local_x" v="-139.7623"/>
    <tag k="local_y" v="-40.4434"/>
    <tag k="ele" v="-0.7059"/>
  </node>
  <node id="7173" lat="" lon="">
    <tag k="mgrs_code" v="99XXX0-20-1"/>
    <tag k="local_x" v="-140.2242"/>
    <tag k="local_y" v="-40.797"/>
    <tag k="ele" v="-0.7059"/>
  </node>
  <node id="7174" lat="" lon="">
    <tag k="mgrs_code" v="99XXX0-20-1"/>
    <tag k="local_x" v="-140.6677"/>
    <tag k="local_y" v="-41.1765"/>
    <tag k="ele" v="-0.7059"/>
  </node>
  <node id="7175" lat="" lon="">
    <tag k="mgrs_code" v="99XXX0-20-1"/>
    <tag k="local_x" v="-141.0912"/>
    <tag k="local_y" v="-41.5809"/>
    <tag k="ele" v="-0.7059"/>
  </node>
  <node id="7176" lat="" lon="">
    <tag k="mgrs_code" v="99XXX0-20-1"/>
    <tag k="local_x" v="-141.4935"/>
    <tag k="local_y" v="-42.0091"/>
    <tag k="ele" v="-0.7059"/>
  </node>
  <node id="7177" lat="" lon="">
    <tag k="mgrs_code" v="99XXX0-20-1"/>
    <tag k="local_x" v="-141.8732"/>
    <tag k="local_y" v="-42.46"/>
    <tag k="ele" v="-0.7059"/>
  </node>
  <node id="7178" lat="" lon="">
    <tag k="mgrs_code" v="99XXX0-20-1"/>
    <tag k="local_x" v="-142.2289"/>
    <tag k="local_y" v="-42.9324"/>
    <tag k="ele" v="-0.7059"/>
  </node>
  <node id="7179" lat="" lon="">
    <tag k="mgrs_code" v="99XXX0-20-1"/>
    <tag k="local_x" v="-142.5595"/>
    <tag k="local_y" v="-43.425"/>
    <tag k="ele" v="-0.7059"/>
  </node>
  <node id="7180" lat="" lon="">
    <tag k="mgrs_code" v="99XXX0-20-1"/>
    <tag k="local_x" v="-142.8638"/>
    <tag k="local_y" v="-43.9365"/>
    <tag k="ele" v="-0.7059"/>
  </node>
  <node id="7181" lat="" lon="">
    <tag k="mgrs_code" v="99XXX0-20-1"/>
    <tag k="local_x" v="-143.1408"/>
    <tag k="local_y" v="-44.4655"/>
    <tag k="ele" v="-0.7059"/>
  </node>
  <node id="7182" lat="" lon="">
    <tag k="mgrs_code" v="99XXX0-20-1"/>
    <tag k="local_x" v="-143.3894"/>
    <tag k="local_y" v="-45.0105"/>
    <tag k="ele" v="-0.7059"/>
  </node>
  <node id="7183" lat="" lon="">
    <tag k="mgrs_code" v="99XXX0-20-1"/>
    <tag k="local_x" v="-143.6087"/>
    <tag k="local_y" v="-45.5699"/>
    <tag k="ele" v="-0.7059"/>
  </node>
  <node id="7184" lat="" lon="">
    <tag k="mgrs_code" v="99XXX0-20-1"/>
    <tag k="local_x" v="-143.7979"/>
    <tag k="local_y" v="-46.1423"/>
    <tag k="ele" v="-0.7059"/>
  </node>
  <node id="7185" lat="" lon="">
    <tag k="mgrs_code" v="99XXX0-20-1"/>
    <tag k="local_x" v="-143.9562"/>
    <tag k="local_y" v="-46.726"/>
    <tag k="ele" v="-0.7059"/>
  </node>
  <node id="7186" lat="" lon="">
    <tag k="mgrs_code" v="99XXX0-20-1"/>
    <tag k="local_x" v="-144.083"/>
    <tag k="local_y" v="-47.3193"/>
    <tag k="ele" v="-0.7059"/>
  </node>
  <node id="7187" lat="" lon="">
    <tag k="mgrs_code" v="99XXX0-20-1"/>
    <tag k="local_x" v="-144.1723"/>
    <tag k="local_y" v="-47.8576"/>
    <tag k="ele" v="-0.7059"/>
  </node>
  <node id="7191" lat="" lon="">
    <tag k="mgrs_code" v="99XXX0-20-1"/>
    <tag k="local_x" v="-128.0644"/>
    <tag k="local_y" v="-41.1234"/>
    <tag k="ele" v="0.3476"/>
  </node>
  <node id="7192" lat="" lon="">
    <tag k="mgrs_code" v="99XXX0-20-1"/>
    <tag k="local_x" v="-131.4123"/>
    <tag k="local_y" v="-41.6005"/>
    <tag k="ele" v="0.386"/>
  </node>
  <node id="7194" lat="" lon="">
    <tag k="mgrs_code" v="99XXX0-20-1"/>
    <tag k="local_x" v="-132.7898"/>
    <tag k="local_y" v="-41.8265"/>
    <tag k="ele" v="0.4075"/>
  </node>
  <node id="7195" lat="" lon="">
    <tag k="mgrs_code" v="99XXX0-20-1"/>
    <tag k="local_x" v="-133.8713"/>
    <tag k="local_y" v="-42.2549"/>
    <tag k="ele" v="0.4094"/>
  </node>
  <node id="7196" lat="" lon="">
    <tag k="mgrs_code" v="99XXX0-20-1"/>
    <tag k="local_x" v="-135.0453"/>
    <tag k="local_y" v="-42.9736"/>
    <tag k="ele" v="0.4232"/>
  </node>
  <node id="7197" lat="" lon="">
    <tag k="mgrs_code" v="99XXX0-20-1"/>
    <tag k="local_x" v="-136.2168"/>
    <tag k="local_y" v="-43.8714"/>
    <tag k="ele" v="0.4607"/>
  </node>
  <node id="7198" lat="" lon="">
    <tag k="mgrs_code" v="99XXX0-20-1"/>
    <tag k="local_x" v="-137.5557"/>
    <tag k="local_y" v="-45.3388"/>
    <tag k="ele" v="0.4904"/>
  </node>
  <node id="7199" lat="" lon="">
    <tag k="mgrs_code" v="99XXX0-20-1"/>
    <tag k="local_x" v="-138.4918"/>
    <tag k="local_y" v="-46.364"/>
    <tag k="ele" v="0.5131"/>
  </node>
  <node id="7200" lat="" lon="">
    <tag k="mgrs_code" v="99XXX0-20-1"/>
    <tag k="local_x" v="-138.8917"/>
    <tag k="local_y" v="-47.1647"/>
    <tag k="ele" v="0.5268"/>
  </node>
  <node id="7201" lat="" lon="">
    <tag k="mgrs_code" v="99XXX0-20-1"/>
    <tag k="local_x" v="-139.271"/>
    <tag k="local_y" v="-47.919"/>
    <tag k="ele" v="0.5351"/>
  </node>
  <node id="7202" lat="" lon="">
    <tag k="mgrs_code" v="99XXX0-20-1"/>
    <tag k="local_x" v="-139.5421"/>
    <tag k="local_y" v="-48.5546"/>
    <tag k="ele" v="0.5454"/>
  </node>
  <node id="7514" lat="" lon="">
    <tag k="mgrs_code" v="99XXX0-20-1"/>
    <tag k="local_x" v="-130.6679"/>
    <tag k="local_y" v="-41.4053"/>
    <tag k="ele" v="0.3595"/>
  </node>
  <node id="7515" lat="" lon="">
    <tag k="mgrs_code" v="99XXX0-20-1"/>
    <tag k="local_x" v="-131.2274"/>
    <tag k="local_y" v="-41.3591"/>
    <tag k="ele" v="0.3595"/>
  </node>
  <node id="7516" lat="" lon="">
    <tag k="mgrs_code" v="99XXX0-20-1"/>
    <tag k="local_x" v="-131.8523"/>
    <tag k="local_y" v="-41.256"/>
    <tag k="ele" v="0.3595"/>
  </node>
  <node id="7517" lat="" lon="">
    <tag k="mgrs_code" v="99XXX0-20-1"/>
    <tag k="local_x" v="-132.4685"/>
    <tag k="local_y" v="-41.103"/>
    <tag k="ele" v="0.3595"/>
  </node>
  <node id="7518" lat="" lon="">
    <tag k="mgrs_code" v="99XXX0-20-1"/>
    <tag k="local_x" v="-133.0722"/>
    <tag k="local_y" v="-40.901"/>
    <tag k="ele" v="0.3595"/>
  </node>
  <node id="7519" lat="" lon="">
    <tag k="mgrs_code" v="99XXX0-20-1"/>
    <tag k="local_x" v="-133.6595"/>
    <tag k="local_y" v="-40.6509"/>
    <tag k="ele" v="0.3595"/>
  </node>
  <node id="7520" lat="" lon="">
    <tag k="mgrs_code" v="99XXX0-20-1"/>
    <tag k="local_x" v="-134.2264"/>
    <tag k="local_y" v="-40.354"/>
    <tag k="ele" v="0.3595"/>
  </node>
  <node id="7521" lat="" lon="">
    <tag k="mgrs_code" v="99XXX0-20-1"/>
    <tag k="local_x" v="-134.7694"/>
    <tag k="local_y" v="-40.0121"/>
    <tag k="ele" v="0.3595"/>
  </node>
  <node id="7522" lat="" lon="">
    <tag k="mgrs_code" v="99XXX0-20-1"/>
    <tag k="local_x" v="-135.2848"/>
    <tag k="local_y" v="-39.627"/>
    <tag k="ele" v="0.3595"/>
  </node>
  <node id="7523" lat="" lon="">
    <tag k="mgrs_code" v="99XXX0-20-1"/>
    <tag k="local_x" v="-135.7691"/>
    <tag k="local_y" v="-39.201"/>
    <tag k="ele" v="0.3595"/>
  </node>
  <node id="7524" lat="" lon="">
    <tag k="mgrs_code" v="99XXX0-20-1"/>
    <tag k="local_x" v="-136.2191"/>
    <tag k="local_y" v="-38.7367"/>
    <tag k="ele" v="0.3595"/>
  </node>
  <node id="7525" lat="" lon="">
    <tag k="mgrs_code" v="99XXX0-20-1"/>
    <tag k="local_x" v="-136.6318"/>
    <tag k="local_y" v="-38.2367"/>
    <tag k="ele" v="0.3595"/>
  </node>
  <node id="7526" lat="" lon="">
    <tag k="mgrs_code" v="99XXX0-20-1"/>
    <tag k="local_x" v="-137.0044"/>
    <tag k="local_y" v="-37.704"/>
    <tag k="ele" v="0.3595"/>
  </node>
  <node id="7527" lat="" lon="">
    <tag k="mgrs_code" v="99XXX0-20-1"/>
    <tag k="local_x" v="-137.3343"/>
    <tag k="local_y" v="-37.1419"/>
    <tag k="ele" v="0.3595"/>
  </node>
  <node id="7528" lat="" lon="">
    <tag k="mgrs_code" v="99XXX0-20-1"/>
    <tag k="local_x" v="-137.619"/>
    <tag k="local_y" v="-36.5539"/>
    <tag k="ele" v="0.3595"/>
  </node>
  <node id="7529" lat="" lon="">
    <tag k="mgrs_code" v="99XXX0-20-1"/>
    <tag k="local_x" v="-137.8567"/>
    <tag k="local_y" v="-35.9435"/>
    <tag k="ele" v="0.3595"/>
  </node>
  <node id="7530" lat="" lon="">
    <tag k="mgrs_code" v="99XXX0-20-1"/>
    <tag k="local_x" v="-138.0456"/>
    <tag k="local_y" v="-35.3145"/>
    <tag k="ele" v="0.3595"/>
  </node>
  <node id="7531" lat="" lon="">
    <tag k="mgrs_code" v="99XXX0-20-1"/>
    <tag k="local_x" v="-138.1841"/>
    <tag k="local_y" v="-34.6709"/>
    <tag k="ele" v="0.3595"/>
  </node>
  <node id="7532" lat="" lon="">
    <tag k="mgrs_code" v="99XXX0-20-1"/>
    <tag k="local_x" v="-138.2643"/>
    <tag k="local_y" v="-34.1016"/>
    <tag k="ele" v="0.3595"/>
  </node>
  <node id="7533" lat="" lon="">
    <tag k="mgrs_code" v="99XXX0-20-1"/>
    <tag k="local_x" v="-130.2315"/>
    <tag k="local_y" v="-37.5518"/>
    <tag k="ele" v="0.3595"/>
  </node>
  <node id="7534" lat="" lon="">
    <tag k="mgrs_code" v="99XXX0-20-1"/>
    <tag k="local_x" v="-130.6453"/>
    <tag k="local_y" v="-37.4833"/>
    <tag k="ele" v="0.3595"/>
  </node>
  <node id="7535" lat="" lon="">
    <tag k="mgrs_code" v="99XXX0-20-1"/>
    <tag k="local_x" v="-130.9817"/>
    <tag k="local_y" v="-37.3948"/>
    <tag k="ele" v="0.3595"/>
  </node>
  <node id="7536" lat="" lon="">
    <tag k="mgrs_code" v="99XXX0-20-1"/>
    <tag k="local_x" v="-131.3083"/>
    <tag k="local_y" v="-37.2803"/>
    <tag k="ele" v="0.3595"/>
  </node>
  <node id="7537" lat="" lon="">
    <tag k="mgrs_code" v="99XXX0-20-1"/>
    <tag k="local_x" v="-131.6232"/>
    <tag k="local_y" v="-37.1408"/>
    <tag k="ele" v="0.3595"/>
  </node>
  <node id="7538" lat="" lon="">
    <tag k="mgrs_code" v="99XXX0-20-1"/>
    <tag k="local_x" v="-131.9245"/>
    <tag k="local_y" v="-36.9773"/>
    <tag k="ele" v="0.3595"/>
  </node>
  <node id="7539" lat="" lon="">
    <tag k="mgrs_code" v="99XXX0-20-1"/>
    <tag k="local_x" v="-132.2104"/>
    <tag k="local_y" v="-36.7913"/>
    <tag k="ele" v="0.3595"/>
  </node>
  <node id="7540" lat="" lon="">
    <tag k="mgrs_code" v="99XXX0-20-1"/>
    <tag k="local_x" v="-132.4792"/>
    <tag k="local_y" v="-36.5841"/>
    <tag k="ele" v="0.3595"/>
  </node>
  <node id="7541" lat="" lon="">
    <tag k="mgrs_code" v="99XXX0-20-1"/>
    <tag k="local_x" v="-132.7294"/>
    <tag k="local_y" v="-36.3572"/>
    <tag k="ele" v="0.3595"/>
  </node>
  <node id="7542" lat="" lon="">
    <tag k="mgrs_code" v="99XXX0-20-1"/>
    <tag k="local_x" v="-132.9595"/>
    <tag k="local_y" v="-36.1122"/>
    <tag k="ele" v="0.3595"/>
  </node>
  <node id="7543" lat="" lon="">
    <tag k="mgrs_code" v="99XXX0-20-1"/>
    <tag k="local_x" v="-133.1683"/>
    <tag k="local_y" v="-35.851"/>
    <tag k="ele" v="0.3595"/>
  </node>
  <node id="7544" lat="" lon="">
    <tag k="mgrs_code" v="99XXX0-20-1"/>
    <tag k="local_x" v="-133.3546"/>
    <tag k="local_y" v="-35.5754"/>
    <tag k="ele" v="0.3595"/>
  </node>
  <node id="7545" lat="" lon="">
    <tag k="mgrs_code" v="99XXX0-20-1"/>
    <tag k="local_x" v="-133.5175"/>
    <tag k="local_y" v="-35.2872"/>
    <tag k="ele" v="0.3595"/>
  </node>
  <node id="7546" lat="" lon="">
    <tag k="mgrs_code" v="99XXX0-20-1"/>
    <tag k="local_x" v="-133.6562"/>
    <tag k="local_y" v="-34.9884"/>
    <tag k="ele" v="0.3595"/>
  </node>
  <node id="7547" lat="" lon="">
    <tag k="mgrs_code" v="99XXX0-20-1"/>
    <tag k="local_x" v="-133.77"/>
    <tag k="local_y" v="-34.681"/>
    <tag k="ele" v="0.3595"/>
  </node>
  <node id="7548" lat="" lon="">
    <tag k="mgrs_code" v="99XXX0-20-1"/>
    <tag k="local_x" v="-133.8585"/>
    <tag k="local_y" v="-34.3672"/>
    <tag k="ele" v="0.3595"/>
  </node>
  <node id="7549" lat="" lon="">
    <tag k="mgrs_code" v="99XXX0-20-1"/>
    <tag k="local_x" v="-133.9212"/>
    <tag k="local_y" v="-34.049"/>
    <tag k="ele" v="0.3595"/>
  </node>
  <node id="7550" lat="" lon="">
    <tag k="mgrs_code" v="99XXX0-20-1"/>
    <tag k="local_x" v="-133.9582"/>
    <tag k="local_y" v="-33.7284"/>
    <tag k="ele" v="0.3595"/>
  </node>
  <node id="7551" lat="" lon="">
    <tag k="mgrs_code" v="99XXX0-20-1"/>
    <tag k="local_x" v="-133.9763"/>
    <tag k="local_y" v="-33.3225"/>
    <tag k="ele" v="0.3595"/>
  </node>
  <node id="7555" lat="" lon="">
    <tag k="mgrs_code" v="99XXX0-20-1"/>
    <tag k="local_x" v="-137.8956"/>
    <tag k="local_y" v="-34.7618"/>
    <tag k="ele" v="0.4983"/>
  </node>
  <node id="7556" lat="" lon="">
    <tag k="mgrs_code" v="99XXX0-20-1"/>
    <tag k="local_x" v="-137.8195"/>
    <tag k="local_y" v="-35.1468"/>
    <tag k="ele" v="0.4983"/>
  </node>
  <node id="7557" lat="" lon="">
    <tag k="mgrs_code" v="99XXX0-20-1"/>
    <tag k="local_x" v="-137.8936"/>
    <tag k="local_y" v="-35.4504"/>
    <tag k="ele" v="0.4983"/>
  </node>
  <node id="7558" lat="" lon="">
    <tag k="mgrs_code" v="99XXX0-20-1"/>
    <tag k="local_x" v="-137.944"/>
    <tag k="local_y" v="-35.7595"/>
    <tag k="ele" v="0.4983"/>
  </node>
  <node id="7559" lat="" lon="">
    <tag k="mgrs_code" v="99XXX0-20-1"/>
    <tag k="local_x" v="-137.9705"/>
    <tag k="local_y" v="-36.0723"/>
    <tag k="ele" v="0.4983"/>
  </node>
  <node id="7560" lat="" lon="">
    <tag k="mgrs_code" v="99XXX0-20-1"/>
    <tag k="local_x" v="-137.9726"/>
    <tag k="local_y" v="-36.3868"/>
    <tag k="ele" v="0.4983"/>
  </node>
  <node id="7561" lat="" lon="">
    <tag k="mgrs_code" v="99XXX0-20-1"/>
    <tag k="local_x" v="-137.9504"/>
    <tag k="local_y" v="-36.7014"/>
    <tag k="ele" v="0.4983"/>
  </node>
  <node id="7562" lat="" lon="">
    <tag k="mgrs_code" v="99XXX0-20-1"/>
    <tag k="local_x" v="-137.9039"/>
    <tag k="local_y" v="-37.0139"/>
    <tag k="ele" v="0.4983"/>
  </node>
  <node id="7563" lat="" lon="">
    <tag k="mgrs_code" v="99XXX0-20-1"/>
    <tag k="local_x" v="-137.8331"/>
    <tag k="local_y" v="-37.3227"/>
    <tag k="ele" v="0.4983"/>
  </node>
  <node id="7564" lat="" lon="">
    <tag k="mgrs_code" v="99XXX0-20-1"/>
    <tag k="local_x" v="-137.7385"/>
    <tag k="local_y" v="-37.6256"/>
    <tag k="ele" v="0.4983"/>
  </node>
  <node id="7565" lat="" lon="">
    <tag k="mgrs_code" v="99XXX0-20-1"/>
    <tag k="local_x" v="-137.6204"/>
    <tag k="local_y" v="-37.9211"/>
    <tag k="ele" v="0.4983"/>
  </node>
  <node id="7566" lat="" lon="">
    <tag k="mgrs_code" v="99XXX0-20-1"/>
    <tag k="local_x" v="-137.4796"/>
    <tag k="local_y" v="-38.2071"/>
    <tag k="ele" v="0.4983"/>
  </node>
  <node id="7567" lat="" lon="">
    <tag k="mgrs_code" v="99XXX0-20-1"/>
    <tag k="local_x" v="-137.3167"/>
    <tag k="local_y" v="-38.482"/>
    <tag k="ele" v="0.4983"/>
  </node>
  <node id="7568" lat="" lon="">
    <tag k="mgrs_code" v="99XXX0-20-1"/>
    <tag k="local_x" v="-137.1326"/>
    <tag k="local_y" v="-38.744"/>
    <tag k="ele" v="0.4983"/>
  </node>
  <node id="7569" lat="" lon="">
    <tag k="mgrs_code" v="99XXX0-20-1"/>
    <tag k="local_x" v="-136.9283"/>
    <tag k="local_y" v="-38.9916"/>
    <tag k="ele" v="0.4983"/>
  </node>
  <node id="7570" lat="" lon="">
    <tag k="mgrs_code" v="99XXX0-20-1"/>
    <tag k="local_x" v="-136.705"/>
    <tag k="local_y" v="-39.2231"/>
    <tag k="ele" v="0.4983"/>
  </node>
  <node id="7571" lat="" lon="">
    <tag k="mgrs_code" v="99XXX0-20-1"/>
    <tag k="local_x" v="-136.464"/>
    <tag k="local_y" v="-39.4372"/>
    <tag k="ele" v="0.4983"/>
  </node>
  <node id="7572" lat="" lon="">
    <tag k="mgrs_code" v="99XXX0-20-1"/>
    <tag k="local_x" v="-136.2066"/>
    <tag k="local_y" v="-39.6323"/>
    <tag k="ele" v="0.4983"/>
  </node>
  <node id="7573" lat="" lon="">
    <tag k="mgrs_code" v="99XXX0-20-1"/>
    <tag k="local_x" v="-135.9342"/>
    <tag k="local_y" v="-39.8074"/>
    <tag k="ele" v="0.4983"/>
  </node>
  <node id="7574" lat="" lon="">
    <tag k="mgrs_code" v="99XXX0-20-1"/>
    <tag k="local_x" v="-135.6485"/>
    <tag k="local_y" v="-39.9612"/>
    <tag k="ele" v="0.4983"/>
  </node>
  <node id="7575" lat="" lon="">
    <tag k="mgrs_code" v="99XXX0-20-1"/>
    <tag k="local_x" v="-135.3511"/>
    <tag k="local_y" v="-40.0928"/>
    <tag k="ele" v="0.4983"/>
  </node>
  <node id="7576" lat="" lon="">
    <tag k="mgrs_code" v="99XXX0-20-1"/>
    <tag k="local_x" v="-135.0438"/>
    <tag k="local_y" v="-40.2011"/>
    <tag k="ele" v="0.4983"/>
  </node>
  <node id="7577" lat="" lon="">
    <tag k="mgrs_code" v="99XXX0-20-1"/>
    <tag k="local_x" v="-134.649"/>
    <tag k="local_y" v="-40.3029"/>
    <tag k="ele" v="0.4983"/>
  </node>
  <node id="7578" lat="" lon="">
    <tag k="mgrs_code" v="99XXX0-20-1"/>
    <tag k="local_x" v="-142.7309"/>
    <tag k="local_y" v="-33.0746"/>
    <tag k="ele" v="0.4983"/>
  </node>
  <node id="7579" lat="" lon="">
    <tag k="mgrs_code" v="99XXX0-20-1"/>
    <tag k="local_x" v="-142.8842"/>
    <tag k="local_y" v="-33.6316"/>
    <tag k="ele" v="0.4983"/>
  </node>
  <node id="7580" lat="" lon="">
    <tag k="mgrs_code" v="99XXX0-20-1"/>
    <tag k="local_x" v="-143.0141"/>
    <tag k="local_y" v="-34.2845"/>
    <tag k="ele" v="0.4983"/>
  </node>
  <node id="7581" lat="" lon="">
    <tag k="mgrs_code" v="99XXX0-20-1"/>
    <tag k="local_x" v="-143.0931"/>
    <tag k="local_y" v="-34.9449"/>
    <tag k="ele" v="0.4983"/>
  </node>
  <node id="7582" lat="" lon="">
    <tag k="mgrs_code" v="99XXX0-20-1"/>
    <tag k="local_x" v="-143.1207"/>
    <tag k="local_y" v="-35.6086"/>
    <tag k="ele" v="0.4983"/>
  </node>
  <node id="7583" lat="" lon="">
    <tag k="mgrs_code" v="99XXX0-20-1"/>
    <tag k="local_x" v="-143.097"/>
    <tag k="local_y" v="-36.2718"/>
    <tag k="ele" v="0.4983"/>
  </node>
  <node id="7584" lat="" lon="">
    <tag k="mgrs_code" v="99XXX0-20-1"/>
    <tag k="local_x" v="-143.0221"/>
    <tag k="local_y" v="-36.9305"/>
    <tag k="ele" v="0.4983"/>
  </node>
  <node id="7585" lat="" lon="">
    <tag k="mgrs_code" v="99XXX0-20-1"/>
    <tag k="local_x" v="-142.8967"/>
    <tag k="local_y" v="-37.5808"/>
    <tag k="ele" v="0.4983"/>
  </node>
  <node id="7586" lat="" lon="">
    <tag k="mgrs_code" v="99XXX0-20-1"/>
    <tag k="local_x" v="-142.7216"/>
    <tag k="local_y" v="-38.2187"/>
    <tag k="ele" v="0.4983"/>
  </node>
  <node id="7587" lat="" lon="">
    <tag k="mgrs_code" v="99XXX0-20-1"/>
    <tag k="local_x" v="-142.498"/>
    <tag k="local_y" v="-38.8405"/>
    <tag k="ele" v="0.4983"/>
  </node>
  <node id="7588" lat="" lon="">
    <tag k="mgrs_code" v="99XXX0-20-1"/>
    <tag k="local_x" v="-142.2273"/>
    <tag k="local_y" v="-39.4426"/>
    <tag k="ele" v="0.4983"/>
  </node>
  <node id="7589" lat="" lon="">
    <tag k="mgrs_code" v="99XXX0-20-1"/>
    <tag k="local_x" v="-141.9111"/>
    <tag k="local_y" v="-40.0213"/>
    <tag k="ele" v="0.4983"/>
  </node>
  <node id="7590" lat="" lon="">
    <tag k="mgrs_code" v="99XXX0-20-1"/>
    <tag k="local_x" v="-141.5516"/>
    <tag k="local_y" v="-40.5732"/>
    <tag k="ele" v="0.4983"/>
  </node>
  <node id="7591" lat="" lon="">
    <tag k="mgrs_code" v="99XXX0-20-1"/>
    <tag k="local_x" v="-141.1509"/>
    <tag k="local_y" v="-41.0951"/>
    <tag k="ele" v="0.4983"/>
  </node>
  <node id="7592" lat="" lon="">
    <tag k="mgrs_code" v="99XXX0-20-1"/>
    <tag k="local_x" v="-140.7116"/>
    <tag k="local_y" v="-41.584"/>
    <tag k="ele" v="0.4983"/>
  </node>
  <node id="7593" lat="" lon="">
    <tag k="mgrs_code" v="99XXX0-20-1"/>
    <tag k="local_x" v="-140.2363"/>
    <tag k="local_y" v="-42.037"/>
    <tag k="ele" v="0.4983"/>
  </node>
  <node id="7594" lat="" lon="">
    <tag k="mgrs_code" v="99XXX0-20-1"/>
    <tag k="local_x" v="-139.7279"/>
    <tag k="local_y" v="-42.4514"/>
    <tag k="ele" v="0.4983"/>
  </node>
  <node id="7595" lat="" lon="">
    <tag k="mgrs_code" v="99XXX0-20-1"/>
    <tag k="local_x" v="-139.1896"/>
    <tag k="local_y" v="-42.8249"/>
    <tag k="ele" v="0.4983"/>
  </node>
  <node id="7596" lat="" lon="">
    <tag k="mgrs_code" v="99XXX0-20-1"/>
    <tag k="local_x" v="-138.6247"/>
    <tag k="local_y" v="-43.1553"/>
    <tag k="ele" v="0.4983"/>
  </node>
  <node id="7597" lat="" lon="">
    <tag k="mgrs_code" v="99XXX0-20-1"/>
    <tag k="local_x" v="-138.0365"/>
    <tag k="local_y" v="-43.4407"/>
    <tag k="ele" v="0.4983"/>
  </node>
  <node id="7598" lat="" lon="">
    <tag k="mgrs_code" v="99XXX0-20-1"/>
    <tag k="local_x" v="-137.4287"/>
    <tag k="local_y" v="-43.6796"/>
    <tag k="ele" v="0.4983"/>
  </node>
  <node id="7599" lat="" lon="">
    <tag k="mgrs_code" v="99XXX0-20-1"/>
    <tag k="local_x" v="-136.8049"/>
    <tag k="local_y" v="-43.8706"/>
    <tag k="ele" v="0.4983"/>
  </node>
  <node id="7600" lat="" lon="">
    <tag k="mgrs_code" v="99XXX0-20-1"/>
    <tag k="local_x" v="-136.2482"/>
    <tag k="local_y" v="-43.9954"/>
    <tag k="ele" v="0.4983"/>
  </node>
  <node id="7719" lat="" lon="">
    <tag k="mgrs_code" v="99XXX0-20-1"/>
    <tag k="local_x" v="-133.4568"/>
    <tag k="local_y" v="-4.0586"/>
    <tag k="ele" v="0.5237"/>
  </node>
  <node id="7735" lat="" lon="">
    <tag k="mgrs_code" v="99XXX0-20-1"/>
    <tag k="local_x" v="-137.512"/>
    <tag k="local_y" v="-2.6584"/>
    <tag k="ele" v="0.6182"/>
  </node>
  <node id="7802" lat="" lon="">
    <tag k="mgrs_code" v="99XXX0-2000"/>
    <tag k="local_x" v="-127.9375"/>
    <tag k="local_y" v="3.21"/>
    <tag k="ele" v="0.4505"/>
  </node>
  <node id="7803" lat="" lon="">
    <tag k="mgrs_code" v="99XXX0-2000"/>
    <tag k="local_x" v="-129.3154"/>
    <tag k="local_y" v="3.1819"/>
    <tag k="ele" v="0.4747"/>
  </node>
  <node id="7805" lat="" lon="">
    <tag k="mgrs_code" v="99XXX0-2000"/>
    <tag k="local_x" v="-130.4028"/>
    <tag k="local_y" v="2.8314"/>
    <tag k="ele" v="0.4892"/>
  </node>
  <node id="7806" lat="" lon="">
    <tag k="mgrs_code" v="99XXX0-2000"/>
    <tag k="local_x" v="-131.7395"/>
    <tag k="local_y" v="2.2757"/>
    <tag k="ele" v="0.5243"/>
  </node>
  <node id="7807" lat="" lon="">
    <tag k="mgrs_code" v="99XXX0-2000"/>
    <tag k="local_x" v="-133.0721"/>
    <tag k="local_y" v="1.6672"/>
    <tag k="ele" v="0.5523"/>
  </node>
  <node id="7808" lat="" lon="">
    <tag k="mgrs_code" v="99XXX0-2000"/>
    <tag k="local_x" v="-134.3255"/>
    <tag k="local_y" v="1.0649"/>
    <tag k="ele" v="0.5708"/>
  </node>
  <node id="7809" lat="" lon="">
    <tag k="mgrs_code" v="99XXX0-2000"/>
    <tag k="local_x" v="-135.4326"/>
    <tag k="local_y" v="0.2882"/>
    <tag k="ele" v="0.5915"/>
  </node>
  <node id="7810" lat="" lon="">
    <tag k="mgrs_code" v="99XXX0-20-1"/>
    <tag k="local_x" v="-136.3752"/>
    <tag k="local_y" v="-0.5552"/>
    <tag k="ele" v="0.6144"/>
  </node>
  <node id="7811" lat="" lon="">
    <tag k="mgrs_code" v="99XXX0-20-1"/>
    <tag k="local_x" v="-137.0986"/>
    <tag k="local_y" v="-1.4876"/>
    <tag k="ele" v="0.6192"/>
  </node>
  <node id="7812" lat="" lon="">
    <tag k="mgrs_code" v="99XXX0-20-1"/>
    <tag k="local_x" v="-137.359"/>
    <tag k="local_y" v="-2.5696"/>
    <tag k="ele" v="0.6141"/>
  </node>
  <node id="7813" lat="" lon="">
    <tag k="mgrs_code" v="99XXX0-20-1"/>
    <tag k="local_x" v="-137.5003"/>
    <tag k="local_y" v="-3.1381"/>
    <tag k="ele" v="0.6055"/>
  </node>
  <node id="7814" lat="" lon="">
    <tag k="mgrs_code" v="99XXX0-2000"/>
    <tag k="local_x" v="-127.4056"/>
    <tag k="local_y" v="6.2508"/>
    <tag k="ele" v="0.6471"/>
  </node>
  <node id="7815" lat="" lon="">
    <tag k="mgrs_code" v="99XXX0-2000"/>
    <tag k="local_x" v="-129.218"/>
    <tag k="local_y" v="6.3479"/>
    <tag k="ele" v="0.4944"/>
  </node>
  <node id="7817" lat="" lon="">
    <tag k="mgrs_code" v="99XXX0-2000"/>
    <tag k="local_x" v="-131.2089"/>
    <tag k="local_y" v="6.3515"/>
    <tag k="ele" v="0.5464"/>
  </node>
  <node id="7818" lat="" lon="">
    <tag k="mgrs_code" v="99XXX0-2000"/>
    <tag k="local_x" v="-132.621"/>
    <tag k="local_y" v="6.0818"/>
    <tag k="ele" v="0.5905"/>
  </node>
  <node id="7819" lat="" lon="">
    <tag k="mgrs_code" v="99XXX0-2000"/>
    <tag k="local_x" v="-134.3131"/>
    <tag k="local_y" v="5.6576"/>
    <tag k="ele" v="0.6375"/>
  </node>
  <node id="7820" lat="" lon="">
    <tag k="mgrs_code" v="99XXX0-2000"/>
    <tag k="local_x" v="-136.1572"/>
    <tag k="local_y" v="5.1418"/>
    <tag k="ele" v="0.6772"/>
  </node>
  <node id="7821" lat="" lon="">
    <tag k="mgrs_code" v="99XXX0-2000"/>
    <tag k="local_x" v="-137.7717"/>
    <tag k="local_y" v="4.4051"/>
    <tag k="ele" v="0.7108"/>
  </node>
  <node id="7822" lat="" lon="">
    <tag k="mgrs_code" v="99XXX0-2000"/>
    <tag k="local_x" v="-139.0816"/>
    <tag k="local_y" v="3.5064"/>
    <tag k="ele" v="0.6914"/>
  </node>
  <node id="7823" lat="" lon="">
    <tag k="mgrs_code" v="99XXX0-2000"/>
    <tag k="local_x" v="-140.5819"/>
    <tag k="local_y" v="2.3274"/>
    <tag k="ele" v="0.6787"/>
  </node>
  <node id="7824" lat="" lon="">
    <tag k="mgrs_code" v="99XXX0-2000"/>
    <tag k="local_x" v="-141.3188"/>
    <tag k="local_y" v="0.8896"/>
    <tag k="ele" v="0.8853"/>
  </node>
  <node id="7825" lat="" lon="">
    <tag k="mgrs_code" v="99XXX0-20-1"/>
    <tag k="local_x" v="-141.4085"/>
    <tag k="local_y" v="-0.3383"/>
    <tag k="ele" v="0.8545"/>
  </node>
  <node id="7885" lat="" lon="">
    <tag k="mgrs_code" v="99XXX0-2000"/>
    <tag k="local_x" v="-127.8848"/>
    <tag k="local_y" v="6.2317"/>
    <tag k="ele" v="0.483"/>
  </node>
  <node id="7886" lat="" lon="">
    <tag k="mgrs_code" v="99XXX0-2000"/>
    <tag k="local_x" v="-129.0133"/>
    <tag k="local_y" v="6.6052"/>
    <tag k="ele" v="0.5059"/>
  </node>
  <node id="7888" lat="" lon="">
    <tag k="mgrs_code" v="99XXX0-2000"/>
    <tag k="local_x" v="-130.1871"/>
    <tag k="local_y" v="7.271"/>
    <tag k="ele" v="0.5477"/>
  </node>
  <node id="7889" lat="" lon="">
    <tag k="mgrs_code" v="99XXX0-2000"/>
    <tag k="local_x" v="-131.23"/>
    <tag k="local_y" v="7.8805"/>
    <tag k="ele" v="0.5921"/>
  </node>
  <node id="7890" lat="" lon="">
    <tag k="mgrs_code" v="99XXX0-2000"/>
    <tag k="local_x" v="-132.106"/>
    <tag k="local_y" v="8.8032"/>
    <tag k="ele" v="0.6053"/>
  </node>
  <node id="7891" lat="" lon="">
    <tag k="mgrs_code" v="99XXX0-2000"/>
    <tag k="local_x" v="-132.8936"/>
    <tag k="local_y" v="10.0678"/>
    <tag k="ele" v="0.6202"/>
  </node>
  <node id="7892" lat="" lon="">
    <tag k="mgrs_code" v="99XXX0-2000"/>
    <tag k="local_x" v="-133.3993"/>
    <tag k="local_y" v="10.9809"/>
    <tag k="ele" v="0.6825"/>
  </node>
  <node id="7893" lat="" lon="">
    <tag k="mgrs_code" v="99XXX0-2000"/>
    <tag k="local_x" v="-128.2131"/>
    <tag k="local_y" v="3.2389"/>
    <tag k="ele" v="0.4535"/>
  </node>
  <node id="7894" lat="" lon="">
    <tag k="mgrs_code" v="99XXX0-2000"/>
    <tag k="local_x" v="-130.5873"/>
    <tag k="local_y" v="3.3007"/>
    <tag k="ele" v="0.5"/>
  </node>
  <node id="7896" lat="" lon="">
    <tag k="mgrs_code" v="99XXX0-2000"/>
    <tag k="local_x" v="-132.3056"/>
    <tag k="local_y" v="3.5919"/>
    <tag k="ele" v="0.5531"/>
  </node>
  <node id="7897" lat="" lon="">
    <tag k="mgrs_code" v="99XXX0-2000"/>
    <tag k="local_x" v="-134.1483"/>
    <tag k="local_y" v="4.2674"/>
    <tag k="ele" v="0.6204"/>
  </node>
  <node id="7898" lat="" lon="">
    <tag k="mgrs_code" v="99XXX0-2000"/>
    <tag k="local_x" v="-135.2661"/>
    <tag k="local_y" v="5.2379"/>
    <tag k="ele" v="0.6574"/>
  </node>
  <node id="7899" lat="" lon="">
    <tag k="mgrs_code" v="99XXX0-2000"/>
    <tag k="local_x" v="-136.0916"/>
    <tag k="local_y" v="6.2455"/>
    <tag k="ele" v="0.695"/>
  </node>
  <node id="7900" lat="" lon="">
    <tag k="mgrs_code" v="99XXX0-2000"/>
    <tag k="local_x" v="-136.7297"/>
    <tag k="local_y" v="7.5621"/>
    <tag k="ele" v="0.7314"/>
  </node>
  <node id="7901" lat="" lon="">
    <tag k="mgrs_code" v="99XXX0-2000"/>
    <tag k="local_x" v="-137.118"/>
    <tag k="local_y" v="9.0066"/>
    <tag k="ele" v="0.7603"/>
  </node>
  <node id="7902" lat="" lon="">
    <tag k="mgrs_code" v="99XXX0-2000"/>
    <tag k="local_x" v="-137.2846"/>
    <tag k="local_y" v="10.3558"/>
    <tag k="ele" v="0.7782"/>
  </node>
  <node id="7910" lat="" lon="">
    <tag k="mgrs_code" v="99XXX0-2000"/>
    <tag k="local_x" v="-137.2329"/>
    <tag k="local_y" v="10.9637"/>
    <tag k="ele" v="0.7867"/>
  </node>
  <node id="7911" lat="" lon="">
    <tag k="mgrs_code" v="99XXX0-2000"/>
    <tag k="local_x" v="-136.6963"/>
    <tag k="local_y" v="9.6221"/>
    <tag k="ele" v="0.756"/>
  </node>
  <node id="7913" lat="" lon="">
    <tag k="mgrs_code" v="99XXX0-2000"/>
    <tag k="local_x" v="-135.9409"/>
    <tag k="local_y" v="8.2814"/>
    <tag k="ele" v="0.7174"/>
  </node>
  <node id="7914" lat="" lon="">
    <tag k="mgrs_code" v="99XXX0-2000"/>
    <tag k="local_x" v="-135.1556"/>
    <tag k="local_y" v="7.2533"/>
    <tag k="ele" v="0.6825"/>
  </node>
  <node id="7915" lat="" lon="">
    <tag k="mgrs_code" v="99XXX0-2000"/>
    <tag k="local_x" v="-133.807"/>
    <tag k="local_y" v="6.0399"/>
    <tag k="ele" v="0.6338"/>
  </node>
  <node id="7916" lat="" lon="">
    <tag k="mgrs_code" v="99XXX0-2000"/>
    <tag k="local_x" v="-132.3651"/>
    <tag k="local_y" v="4.9519"/>
    <tag k="ele" v="0.5744"/>
  </node>
  <node id="7917" lat="" lon="">
    <tag k="mgrs_code" v="99XXX0-2000"/>
    <tag k="local_x" v="-130.8617"/>
    <tag k="local_y" v="4.1142"/>
    <tag k="ele" v="0.5229"/>
  </node>
  <node id="7918" lat="" lon="">
    <tag k="mgrs_code" v="99XXX0-2000"/>
    <tag k="local_x" v="-129.3595"/>
    <tag k="local_y" v="3.5577"/>
    <tag k="ele" v="0.4785"/>
  </node>
  <node id="7919" lat="" lon="">
    <tag k="mgrs_code" v="99XXX0-2000"/>
    <tag k="local_x" v="-128.0459"/>
    <tag k="local_y" v="3.2817"/>
    <tag k="ele" v="0.4505"/>
  </node>
  <node id="7920" lat="" lon="">
    <tag k="mgrs_code" v="99XXX0-2000"/>
    <tag k="local_x" v="-141.1069"/>
    <tag k="local_y" v="10.6982"/>
    <tag k="ele" v="0.9477"/>
  </node>
  <node id="7921" lat="" lon="">
    <tag k="mgrs_code" v="99XXX0-2000"/>
    <tag k="local_x" v="-141.069"/>
    <tag k="local_y" v="9.0421"/>
    <tag k="ele" v="0.9012"/>
  </node>
  <node id="7923" lat="" lon="">
    <tag k="mgrs_code" v="99XXX0-2000"/>
    <tag k="local_x" v="-140.7199"/>
    <tag k="local_y" v="7.6998"/>
    <tag k="ele" v="0.7163"/>
  </node>
  <node id="7924" lat="" lon="">
    <tag k="mgrs_code" v="99XXX0-2000"/>
    <tag k="local_x" v="-139.9327"/>
    <tag k="local_y" v="6.2029"/>
    <tag k="ele" v="0.7079"/>
  </node>
  <node id="7925" lat="" lon="">
    <tag k="mgrs_code" v="99XXX0-2000"/>
    <tag k="local_x" v="-138.9265"/>
    <tag k="local_y" v="4.6757"/>
    <tag k="ele" v="0.7052"/>
  </node>
  <node id="7926" lat="" lon="">
    <tag k="mgrs_code" v="99XXX0-2000"/>
    <tag k="local_x" v="-137.8903"/>
    <tag k="local_y" v="3.4298"/>
    <tag k="ele" v="0.6947"/>
  </node>
  <node id="7927" lat="" lon="">
    <tag k="mgrs_code" v="99XXX0-2000"/>
    <tag k="local_x" v="-136.604"/>
    <tag k="local_y" v="2.1849"/>
    <tag k="ele" v="0.6514"/>
  </node>
  <node id="7928" lat="" lon="">
    <tag k="mgrs_code" v="99XXX0-2000"/>
    <tag k="local_x" v="-135.4754"/>
    <tag k="local_y" v="1.2832"/>
    <tag k="ele" v="0.6056"/>
  </node>
  <node id="7929" lat="" lon="">
    <tag k="mgrs_code" v="99XXX0-2000"/>
    <tag k="local_x" v="-134.0651"/>
    <tag k="local_y" v="0.2576"/>
    <tag k="ele" v="0.553"/>
  </node>
  <node id="7930" lat="" lon="">
    <tag k="mgrs_code" v="99XXX0-20-1"/>
    <tag k="local_x" v="-132.3138"/>
    <tag k="local_y" v="-0.0479"/>
    <tag k="ele" v="0.5052"/>
  </node>
  <node id="7931" lat="" lon="">
    <tag k="mgrs_code" v="99XXX0-20-1"/>
    <tag k="local_x" v="-130.8765"/>
    <tag k="local_y" v="-0.0109"/>
    <tag k="ele" v="0.483"/>
  </node>
  <node id="7932" lat="" lon="">
    <tag k="mgrs_code" v="99XXX0-2000"/>
    <tag k="local_x" v="-129.534"/>
    <tag k="local_y" v="0.307"/>
    <tag k="ele" v="0.449"/>
  </node>
  <node id="8006" lat="" lon="">
    <tag k="mgrs_code" v="99XXX0-2000"/>
    <tag k="local_x" v="-127.347"/>
    <tag k="local_y" v="49.9787"/>
    <tag k="ele" v="1.4399"/>
  </node>
  <node id="8007" lat="" lon="">
    <tag k="mgrs_code" v="99XXX0-2000"/>
    <tag k="local_x" v="-128.7868"/>
    <tag k="local_y" v="49.4518"/>
    <tag k="ele" v="1.4422"/>
  </node>
  <node id="8009" lat="" lon="">
    <tag k="mgrs_code" v="99XXX0-2000"/>
    <tag k="local_x" v="-130.1011"/>
    <tag k="local_y" v="48.5782"/>
    <tag k="ele" v="1.4372"/>
  </node>
  <node id="8010" lat="" lon="">
    <tag k="mgrs_code" v="99XXX0-2000"/>
    <tag k="local_x" v="-131.0244"/>
    <tag k="local_y" v="47.4057"/>
    <tag k="ele" v="1.43"/>
  </node>
  <node id="8011" lat="" lon="">
    <tag k="mgrs_code" v="99XXX0-2000"/>
    <tag k="local_x" v="-132.0033"/>
    <tag k="local_y" v="46.102"/>
    <tag k="ele" v="1.4229"/>
  </node>
  <node id="8012" lat="" lon="">
    <tag k="mgrs_code" v="99XXX0-2000"/>
    <tag k="local_x" v="-132.3737"/>
    <tag k="local_y" v="44.7861"/>
    <tag k="ele" v="1.3906"/>
  </node>
  <node id="8013" lat="" lon="">
    <tag k="mgrs_code" v="99XXX0-2000"/>
    <tag k="local_x" v="-132.5615"/>
    <tag k="local_y" v="43.3342"/>
    <tag k="ele" v="1.3502"/>
  </node>
  <node id="8014" lat="" lon="">
    <tag k="mgrs_code" v="99XXX0-2000"/>
    <tag k="local_x" v="-132.6123"/>
    <tag k="local_y" v="42.1178"/>
    <tag k="ele" v="1.3233"/>
  </node>
  <node id="8015" lat="" lon="">
    <tag k="mgrs_code" v="99XXX0-2000"/>
    <tag k="local_x" v="-127.2274"/>
    <tag k="local_y" v="54.6344"/>
    <tag k="ele" v="1.5239"/>
  </node>
  <node id="8016" lat="" lon="">
    <tag k="mgrs_code" v="99XXX0-2000"/>
    <tag k="local_x" v="-129.1333"/>
    <tag k="local_y" v="54.6196"/>
    <tag k="ele" v="1.5557"/>
  </node>
  <node id="8018" lat="" lon="">
    <tag k="mgrs_code" v="99XXX0-2000"/>
    <tag k="local_x" v="-131.3841"/>
    <tag k="local_y" v="54.5588"/>
    <tag k="ele" v="1.607"/>
  </node>
  <node id="8019" lat="" lon="">
    <tag k="mgrs_code" v="99XXX0-2000"/>
    <tag k="local_x" v="-132.9323"/>
    <tag k="local_y" v="53.9016"/>
    <tag k="ele" v="1.6313"/>
  </node>
  <node id="8020" lat="" lon="">
    <tag k="mgrs_code" v="99XXX0-2000"/>
    <tag k="local_x" v="-134.6466"/>
    <tag k="local_y" v="52.8773"/>
    <tag k="ele" v="1.6239"/>
  </node>
  <node id="8021" lat="" lon="">
    <tag k="mgrs_code" v="99XXX0-2000"/>
    <tag k="local_x" v="-135.4588"/>
    <tag k="local_y" v="51.9672"/>
    <tag k="ele" v="1.6147"/>
  </node>
  <node id="8022" lat="" lon="">
    <tag k="mgrs_code" v="99XXX0-2000"/>
    <tag k="local_x" v="-136.2276"/>
    <tag k="local_y" v="50.5799"/>
    <tag k="ele" v="1.593"/>
  </node>
  <node id="8023" lat="" lon="">
    <tag k="mgrs_code" v="99XXX0-2000"/>
    <tag k="local_x" v="-136.7107"/>
    <tag k="local_y" v="48.9222"/>
    <tag k="ele" v="1.5635"/>
  </node>
  <node id="8024" lat="" lon="">
    <tag k="mgrs_code" v="99XXX0-2000"/>
    <tag k="local_x" v="-136.8409"/>
    <tag k="local_y" v="47.7074"/>
    <tag k="ele" v="1.5266"/>
  </node>
  <node id="8025" lat="" lon="">
    <tag k="mgrs_code" v="99XXX0-2000"/>
    <tag k="local_x" v="-136.9504"/>
    <tag k="local_y" v="46.201"/>
    <tag k="ele" v="1.4921"/>
  </node>
  <node id="8026" lat="" lon="">
    <tag k="mgrs_code" v="99XXX0-2000"/>
    <tag k="local_x" v="-136.8759"/>
    <tag k="local_y" v="44.638"/>
    <tag k="ele" v="1.4506"/>
  </node>
  <node id="8027" lat="" lon="">
    <tag k="mgrs_code" v="99XXX0-2000"/>
    <tag k="local_x" v="-136.6907"/>
    <tag k="local_y" v="43.311"/>
    <tag k="ele" v="1.4118"/>
  </node>
  <node id="8028" lat="" lon="">
    <tag k="mgrs_code" v="99XXX0-2000"/>
    <tag k="local_x" v="-136.614"/>
    <tag k="local_y" v="41.8539"/>
    <tag k="ele" v="1.3712"/>
  </node>
  <node id="8036" lat="" lon="">
    <tag k="mgrs_code" v="99XXX0-2000"/>
    <tag k="local_x" v="-126.7226"/>
    <tag k="local_y" v="54.5574"/>
    <tag k="ele" v="1.5086"/>
  </node>
  <node id="8037" lat="" lon="">
    <tag k="mgrs_code" v="99XXX0-2000"/>
    <tag k="local_x" v="-127.9156"/>
    <tag k="local_y" v="54.6085"/>
    <tag k="ele" v="1.5301"/>
  </node>
  <node id="8039" lat="" lon="">
    <tag k="mgrs_code" v="99XXX0-2000"/>
    <tag k="local_x" v="-129.7558"/>
    <tag k="local_y" v="54.4942"/>
    <tag k="ele" v="1.5622"/>
  </node>
  <node id="8040" lat="" lon="">
    <tag k="mgrs_code" v="99XXX0-2000"/>
    <tag k="local_x" v="-131.6039"/>
    <tag k="local_y" v="54.0037"/>
    <tag k="ele" v="1.5935"/>
  </node>
  <node id="8041" lat="" lon="">
    <tag k="mgrs_code" v="99XXX0-2000"/>
    <tag k="local_x" v="-133.113"/>
    <tag k="local_y" v="53.0959"/>
    <tag k="ele" v="1.6113"/>
  </node>
  <node id="8042" lat="" lon="">
    <tag k="mgrs_code" v="99XXX0-2000"/>
    <tag k="local_x" v="-134.4449"/>
    <tag k="local_y" v="51.8547"/>
    <tag k="ele" v="1.598"/>
  </node>
  <node id="8043" lat="" lon="">
    <tag k="mgrs_code" v="99XXX0-2000"/>
    <tag k="local_x" v="-135.2857"/>
    <tag k="local_y" v="50.2683"/>
    <tag k="ele" v="1.5747"/>
  </node>
  <node id="8044" lat="" lon="">
    <tag k="mgrs_code" v="99XXX0-2000"/>
    <tag k="local_x" v="-135.7698"/>
    <tag k="local_y" v="48.4849"/>
    <tag k="ele" v="1.5302"/>
  </node>
  <node id="8045" lat="" lon="">
    <tag k="mgrs_code" v="99XXX0-2000"/>
    <tag k="local_x" v="-136.2481"/>
    <tag k="local_y" v="46.6079"/>
    <tag k="ele" v="1.491"/>
  </node>
  <node id="8046" lat="" lon="">
    <tag k="mgrs_code" v="99XXX0-2000"/>
    <tag k="local_x" v="-136.3696"/>
    <tag k="local_y" v="45.0348"/>
    <tag k="ele" v="1.4552"/>
  </node>
  <node id="8047" lat="" lon="">
    <tag k="mgrs_code" v="99XXX0-2000"/>
    <tag k="local_x" v="-136.4114"/>
    <tag k="local_y" v="42.6839"/>
    <tag k="ele" v="1.3926"/>
  </node>
  <node id="8048" lat="" lon="">
    <tag k="mgrs_code" v="99XXX0-2000"/>
    <tag k="local_x" v="-126.8807"/>
    <tag k="local_y" v="59.1189"/>
    <tag k="ele" v="1.6153"/>
  </node>
  <node id="8049" lat="" lon="">
    <tag k="mgrs_code" v="99XXX0-2000"/>
    <tag k="local_x" v="-128.7949"/>
    <tag k="local_y" v="59.1878"/>
    <tag k="ele" v="1.6534"/>
  </node>
  <node id="8051" lat="" lon="">
    <tag k="mgrs_code" v="99XXX0-2000"/>
    <tag k="local_x" v="-130.8924"/>
    <tag k="local_y" v="59.1828"/>
    <tag k="ele" v="1.6757"/>
  </node>
  <node id="8052" lat="" lon="">
    <tag k="mgrs_code" v="99XXX0-2000"/>
    <tag k="local_x" v="-133.0171"/>
    <tag k="local_y" v="59.1134"/>
    <tag k="ele" v="1.6891"/>
  </node>
  <node id="8053" lat="" lon="">
    <tag k="mgrs_code" v="99XXX0-2000"/>
    <tag k="local_x" v="-134.6392"/>
    <tag k="local_y" v="58.5117"/>
    <tag k="ele" v="1.704"/>
  </node>
  <node id="8054" lat="" lon="">
    <tag k="mgrs_code" v="99XXX0-2000"/>
    <tag k="local_x" v="-136.4602"/>
    <tag k="local_y" v="57.5846"/>
    <tag k="ele" v="1.7195"/>
  </node>
  <node id="8055" lat="" lon="">
    <tag k="mgrs_code" v="99XXX0-2000"/>
    <tag k="local_x" v="-138.0085"/>
    <tag k="local_y" v="56.2986"/>
    <tag k="ele" v="1.7381"/>
  </node>
  <node id="8056" lat="" lon="">
    <tag k="mgrs_code" v="99XXX0-2000"/>
    <tag k="local_x" v="-139.2276"/>
    <tag k="local_y" v="54.2503"/>
    <tag k="ele" v="1.7147"/>
  </node>
  <node id="8057" lat="" lon="">
    <tag k="mgrs_code" v="99XXX0-2000"/>
    <tag k="local_x" v="-140.0043"/>
    <tag k="local_y" v="52.1356"/>
    <tag k="ele" v="1.6723"/>
  </node>
  <node id="8058" lat="" lon="">
    <tag k="mgrs_code" v="99XXX0-2000"/>
    <tag k="local_x" v="-140.7538"/>
    <tag k="local_y" v="49.5843"/>
    <tag k="ele" v="1.6277"/>
  </node>
  <node id="8059" lat="" lon="">
    <tag k="mgrs_code" v="99XXX0-2000"/>
    <tag k="local_x" v="-140.8462"/>
    <tag k="local_y" v="47.5434"/>
    <tag k="ele" v="1.5561"/>
  </node>
  <node id="8060" lat="" lon="">
    <tag k="mgrs_code" v="99XXX0-2000"/>
    <tag k="local_x" v="-140.8001"/>
    <tag k="local_y" v="45.7929"/>
    <tag k="ele" v="1.5041"/>
  </node>
  <node id="8061" lat="" lon="">
    <tag k="mgrs_code" v="99XXX0-2000"/>
    <tag k="local_x" v="-140.7209"/>
    <tag k="local_y" v="44.0131"/>
    <tag k="ele" v="1.4013"/>
  </node>
  <node id="8062" lat="" lon="">
    <tag k="mgrs_code" v="99XXX0-2000"/>
    <tag k="local_x" v="-140.6221"/>
    <tag k="local_y" v="42.4224"/>
    <tag k="ele" v="1.4437"/>
  </node>
  <node id="8063" lat="" lon="">
    <tag k="mgrs_code" v="99XXX0-2000"/>
    <tag k="local_x" v="-140.5521"/>
    <tag k="local_y" v="41.8005"/>
    <tag k="ele" v="1.4476"/>
  </node>
  <node id="8291" lat="" lon="">
    <tag k="mgrs_code" v="99XXX0-1000"/>
    <tag k="local_x" v="-76.1811"/>
    <tag k="local_y" v="48.6675"/>
    <tag k="ele" v="1.1068"/>
  </node>
  <node id="8292" lat="" lon="">
    <tag k="mgrs_code" v="99XXX0-1000"/>
    <tag k="local_x" v="-74.3025"/>
    <tag k="local_y" v="48.4398"/>
    <tag k="ele" v="1.0743"/>
  </node>
  <node id="8294" lat="" lon="">
    <tag k="mgrs_code" v="99XXX0-1000"/>
    <tag k="local_x" v="-72.8098"/>
    <tag k="local_y" v="47.8564"/>
    <tag k="ele" v="1.1884"/>
  </node>
  <node id="8295" lat="" lon="">
    <tag k="mgrs_code" v="99XXX0-1000"/>
    <tag k="local_x" v="-71.791"/>
    <tag k="local_y" v="46.9593"/>
    <tag k="ele" v="1.0841"/>
  </node>
  <node id="8296" lat="" lon="">
    <tag k="mgrs_code" v="99XXX0-1000"/>
    <tag k="local_x" v="-71.2065"/>
    <tag k="local_y" v="45.9672"/>
    <tag k="ele" v="1.0133"/>
  </node>
  <node id="8297" lat="" lon="">
    <tag k="mgrs_code" v="99XXX0-1000"/>
    <tag k="local_x" v="-70.3051"/>
    <tag k="local_y" v="44.3269"/>
    <tag k="ele" v="0.9541"/>
  </node>
  <node id="8298" lat="" lon="">
    <tag k="mgrs_code" v="99XXX0-1000"/>
    <tag k="local_x" v="-69.7649"/>
    <tag k="local_y" v="43.3776"/>
    <tag k="ele" v="0.9218"/>
  </node>
  <node id="8299" lat="" lon="">
    <tag k="mgrs_code" v="99XXX0-1000"/>
    <tag k="local_x" v="-75.5508"/>
    <tag k="local_y" v="53.2336"/>
    <tag k="ele" v="1.1604"/>
  </node>
  <node id="8300" lat="" lon="">
    <tag k="mgrs_code" v="99XXX0-1000"/>
    <tag k="local_x" v="-73.416"/>
    <tag k="local_y" v="53.1695"/>
    <tag k="ele" v="1.1637"/>
  </node>
  <node id="8302" lat="" lon="">
    <tag k="mgrs_code" v="99XXX0-1000"/>
    <tag k="local_x" v="-71.1031"/>
    <tag k="local_y" v="53.2308"/>
    <tag k="ele" v="1.1935"/>
  </node>
  <node id="8303" lat="" lon="">
    <tag k="mgrs_code" v="99XXX0-1000"/>
    <tag k="local_x" v="-68.7161"/>
    <tag k="local_y" v="52.8539"/>
    <tag k="ele" v="1.1901"/>
  </node>
  <node id="8304" lat="" lon="">
    <tag k="mgrs_code" v="99XXX0-1000"/>
    <tag k="local_x" v="-67.3625"/>
    <tag k="local_y" v="51.4615"/>
    <tag k="ele" v="1.1572"/>
  </node>
  <node id="8305" lat="" lon="">
    <tag k="mgrs_code" v="99XXX0-1000"/>
    <tag k="local_x" v="-66.273"/>
    <tag k="local_y" v="49.9898"/>
    <tag k="ele" v="1.1302"/>
  </node>
  <node id="8306" lat="" lon="">
    <tag k="mgrs_code" v="99XXX0-1000"/>
    <tag k="local_x" v="-66.0626"/>
    <tag k="local_y" v="48.2829"/>
    <tag k="ele" v="1.0859"/>
  </node>
  <node id="8307" lat="" lon="">
    <tag k="mgrs_code" v="99XXX0-1000"/>
    <tag k="local_x" v="-66.2587"/>
    <tag k="local_y" v="46.1085"/>
    <tag k="ele" v="1.0179"/>
  </node>
  <node id="8308" lat="" lon="">
    <tag k="mgrs_code" v="99XXX0-1000"/>
    <tag k="local_x" v="-66.2361"/>
    <tag k="local_y" v="45.4102"/>
    <tag k="ele" v="0.9936"/>
  </node>
  <node id="8316" lat="" lon="">
    <tag k="mgrs_code" v="99XXX0-1000"/>
    <tag k="local_x" v="-66.302"/>
    <tag k="local_y" v="44.4873"/>
    <tag k="ele" v="0.9532"/>
  </node>
  <node id="8317" lat="" lon="">
    <tag k="mgrs_code" v="99XXX0-1000"/>
    <tag k="local_x" v="-66.5405"/>
    <tag k="local_y" v="46.7334"/>
    <tag k="ele" v="1.0394"/>
  </node>
  <node id="8319" lat="" lon="">
    <tag k="mgrs_code" v="99XXX0-1000"/>
    <tag k="local_x" v="-67.7734"/>
    <tag k="local_y" v="48.8819"/>
    <tag k="ele" v="1.1062"/>
  </node>
  <node id="8320" lat="" lon="">
    <tag k="mgrs_code" v="99XXX0-1000"/>
    <tag k="local_x" v="-69.6327"/>
    <tag k="local_y" v="50.9784"/>
    <tag k="ele" v="1.1395"/>
  </node>
  <node id="8321" lat="" lon="">
    <tag k="mgrs_code" v="99XXX0-1000"/>
    <tag k="local_x" v="-71.8441"/>
    <tag k="local_y" v="52.3651"/>
    <tag k="ele" v="1.16"/>
  </node>
  <node id="8322" lat="" lon="">
    <tag k="mgrs_code" v="99XXX0-1000"/>
    <tag k="local_x" v="-73.7768"/>
    <tag k="local_y" v="52.9093"/>
    <tag k="ele" v="1.1528"/>
  </node>
  <node id="8323" lat="" lon="">
    <tag k="mgrs_code" v="99XXX0-1000"/>
    <tag k="local_x" v="-75.077"/>
    <tag k="local_y" v="53.2473"/>
    <tag k="ele" v="1.1564"/>
  </node>
  <node id="8324" lat="" lon="">
    <tag k="mgrs_code" v="99XXX0-1000"/>
    <tag k="local_x" v="-63.2187"/>
    <tag k="local_y" v="45.2258"/>
    <tag k="ele" v="1.0067"/>
  </node>
  <node id="8325" lat="" lon="">
    <tag k="mgrs_code" v="99XXX0-1000"/>
    <tag k="local_x" v="-63.1981"/>
    <tag k="local_y" v="47.4413"/>
    <tag k="ele" v="1.0741"/>
  </node>
  <node id="8327" lat="" lon="">
    <tag k="mgrs_code" v="99XXX0-1000"/>
    <tag k="local_x" v="-63.1072"/>
    <tag k="local_y" v="49.8061"/>
    <tag k="ele" v="1.1324"/>
  </node>
  <node id="8328" lat="" lon="">
    <tag k="mgrs_code" v="99XXX0-1000"/>
    <tag k="local_x" v="-63.1146"/>
    <tag k="local_y" v="51.6518"/>
    <tag k="ele" v="1.1579"/>
  </node>
  <node id="8329" lat="" lon="">
    <tag k="mgrs_code" v="99XXX0-1000"/>
    <tag k="local_x" v="-63.6728"/>
    <tag k="local_y" v="53.3735"/>
    <tag k="ele" v="1.1889"/>
  </node>
  <node id="8330" lat="" lon="">
    <tag k="mgrs_code" v="99XXX0-1000"/>
    <tag k="local_x" v="-65.0102"/>
    <tag k="local_y" v="55.261"/>
    <tag k="ele" v="1.2537"/>
  </node>
  <node id="8331" lat="" lon="">
    <tag k="mgrs_code" v="99XXX0-1000"/>
    <tag k="local_x" v="-66.7815"/>
    <tag k="local_y" v="56.769"/>
    <tag k="ele" v="1.3102"/>
  </node>
  <node id="8332" lat="" lon="">
    <tag k="mgrs_code" v="99XXX0-1000"/>
    <tag k="local_x" v="-68.2804"/>
    <tag k="local_y" v="57.6928"/>
    <tag k="ele" v="1.3555"/>
  </node>
  <node id="8333" lat="" lon="">
    <tag k="mgrs_code" v="99XXX0-1000"/>
    <tag k="local_x" v="-70.1016"/>
    <tag k="local_y" v="58.2028"/>
    <tag k="ele" v="1.3804"/>
  </node>
  <node id="8334" lat="" lon="">
    <tag k="mgrs_code" v="99XXX0-1000"/>
    <tag k="local_x" v="-71.6512"/>
    <tag k="local_y" v="58.1656"/>
    <tag k="ele" v="1.3756"/>
  </node>
  <node id="8335" lat="" lon="">
    <tag k="mgrs_code" v="99XXX0-1000"/>
    <tag k="local_x" v="-73.6075"/>
    <tag k="local_y" v="58.1555"/>
    <tag k="ele" v="1.3588"/>
  </node>
  <node id="8336" lat="" lon="">
    <tag k="mgrs_code" v="99XXX0-1000"/>
    <tag k="local_x" v="-75.3398"/>
    <tag k="local_y" v="58.0401"/>
    <tag k="ele" v="1.3511"/>
  </node>
  <node id="8344" lat="" lon="">
    <tag k="mgrs_code" v="99XXX0-1000"/>
    <tag k="local_x" v="-58.4628"/>
    <tag k="local_y" v="4.5639"/>
    <tag k="ele" v="-1.2055"/>
  </node>
  <node id="8345" lat="" lon="">
    <tag k="mgrs_code" v="99XXX0-1000"/>
    <tag k="local_x" v="-60.159"/>
    <tag k="local_y" v="4.6449"/>
    <tag k="ele" v="-1.1739"/>
  </node>
  <node id="8347" lat="" lon="">
    <tag k="mgrs_code" v="99XXX0-1000"/>
    <tag k="local_x" v="-61.5959"/>
    <tag k="local_y" v="4.7561"/>
    <tag k="ele" v="-1.1398"/>
  </node>
  <node id="8348" lat="" lon="">
    <tag k="mgrs_code" v="99XXX0-1000"/>
    <tag k="local_x" v="-62.5446"/>
    <tag k="local_y" v="5.1869"/>
    <tag k="ele" v="-1.1398"/>
  </node>
  <node id="8349" lat="" lon="">
    <tag k="mgrs_code" v="99XXX0-1000"/>
    <tag k="local_x" v="-63.1166"/>
    <tag k="local_y" v="5.9033"/>
    <tag k="ele" v="-1.1327"/>
  </node>
  <node id="8350" lat="" lon="">
    <tag k="mgrs_code" v="99XXX0-1000"/>
    <tag k="local_x" v="-63.7519"/>
    <tag k="local_y" v="7.0273"/>
    <tag k="ele" v="-1.1125"/>
  </node>
  <node id="8351" lat="" lon="">
    <tag k="mgrs_code" v="99XXX0-1000"/>
    <tag k="local_x" v="-58.3863"/>
    <tag k="local_y" v="1.8299"/>
    <tag k="ele" v="-1.1707"/>
  </node>
  <node id="8352" lat="" lon="">
    <tag k="mgrs_code" v="99XXX0-1000"/>
    <tag k="local_x" v="-60.529"/>
    <tag k="local_y" v="1.7749"/>
    <tag k="ele" v="-1.1235"/>
  </node>
  <node id="8354" lat="" lon="">
    <tag k="mgrs_code" v="99XXX0-1000"/>
    <tag k="local_x" v="-62.595"/>
    <tag k="local_y" v="1.8286"/>
    <tag k="ele" v="-1.0887"/>
  </node>
  <node id="8355" lat="" lon="">
    <tag k="mgrs_code" v="99XXX0-1000"/>
    <tag k="local_x" v="-64.8106"/>
    <tag k="local_y" v="1.8125"/>
    <tag k="ele" v="-1.0448"/>
  </node>
  <node id="8356" lat="" lon="">
    <tag k="mgrs_code" v="99XXX0-1000"/>
    <tag k="local_x" v="-65.8661"/>
    <tag k="local_y" v="2.3937"/>
    <tag k="ele" v="-1.0343"/>
  </node>
  <node id="8357" lat="" lon="">
    <tag k="mgrs_code" v="99XXX0-1000"/>
    <tag k="local_x" v="-66.7266"/>
    <tag k="local_y" v="3.376"/>
    <tag k="ele" v="-1.0302"/>
  </node>
  <node id="8358" lat="" lon="">
    <tag k="mgrs_code" v="99XXX0-1000"/>
    <tag k="local_x" v="-67.0581"/>
    <tag k="local_y" v="4.8244"/>
    <tag k="ele" v="-1.0325"/>
  </node>
  <node id="8359" lat="" lon="">
    <tag k="mgrs_code" v="99XXX0-1000"/>
    <tag k="local_x" v="-66.9722"/>
    <tag k="local_y" v="6.705"/>
    <tag k="ele" v="-1.036"/>
  </node>
  <node id="8398" lat="" lon="">
    <tag k="mgrs_code" v="99XXX0-1000"/>
    <tag k="local_x" v="-69.9786"/>
    <tag k="local_y" v="6.9069"/>
    <tag k="ele" v="-0.9732"/>
  </node>
  <node id="8399" lat="" lon="">
    <tag k="mgrs_code" v="99XXX0-1000"/>
    <tag k="local_x" v="-71.1307"/>
    <tag k="local_y" v="6.5741"/>
    <tag k="ele" v="-0.9618"/>
  </node>
  <node id="8401" lat="" lon="">
    <tag k="mgrs_code" v="99XXX0-1000"/>
    <tag k="local_x" v="-71.7719"/>
    <tag k="local_y" v="5.9965"/>
    <tag k="ele" v="-0.9624"/>
  </node>
  <node id="8402" lat="" lon="">
    <tag k="mgrs_code" v="99XXX0-1000"/>
    <tag k="local_x" v="-72.7566"/>
    <tag k="local_y" v="5.524"/>
    <tag k="ele" v="-0.9384"/>
  </node>
  <node id="8403" lat="" lon="">
    <tag k="mgrs_code" v="99XXX0-1000"/>
    <tag k="local_x" v="-73.4667"/>
    <tag k="local_y" v="5.2991"/>
    <tag k="ele" v="-0.9078"/>
  </node>
  <node id="8404" lat="" lon="">
    <tag k="mgrs_code" v="99XXX0-1000"/>
    <tag k="local_x" v="-66.9132"/>
    <tag k="local_y" v="6.2672"/>
    <tag k="ele" v="-1.0393"/>
  </node>
  <node id="8405" lat="" lon="">
    <tag k="mgrs_code" v="99XXX0-1000"/>
    <tag k="local_x" v="-67.0728"/>
    <tag k="local_y" v="4.8789"/>
    <tag k="ele" v="-1.0327"/>
  </node>
  <node id="8407" lat="" lon="">
    <tag k="mgrs_code" v="99XXX0-1000"/>
    <tag k="local_x" v="-67.3629"/>
    <tag k="local_y" v="3.4973"/>
    <tag k="ele" v="-1.019"/>
  </node>
  <node id="8408" lat="" lon="">
    <tag k="mgrs_code" v="99XXX0-1000"/>
    <tag k="local_x" v="-68.627"/>
    <tag k="local_y" v="2.6903"/>
    <tag k="ele" v="-0.9851"/>
  </node>
  <node id="8409" lat="" lon="">
    <tag k="mgrs_code" v="99XXX0-1000"/>
    <tag k="local_x" v="-70.0471"/>
    <tag k="local_y" v="2.2405"/>
    <tag k="ele" v="-0.9573"/>
  </node>
  <node id="8410" lat="" lon="">
    <tag k="mgrs_code" v="99XXX0-1000"/>
    <tag k="local_x" v="-71.8797"/>
    <tag k="local_y" v="2.2486"/>
    <tag k="ele" v="-0.9254"/>
  </node>
  <node id="8411" lat="" lon="">
    <tag k="mgrs_code" v="99XXX0-1000"/>
    <tag k="local_x" v="-73.2726"/>
    <tag k="local_y" v="2.3211"/>
    <tag k="ele" v="-0.8805"/>
  </node>
  <node id="8419" lat="" lon="">
    <tag k="mgrs_code" v="99XXX0-1000"/>
    <tag k="local_x" v="-66.9108"/>
    <tag k="local_y" v="6.1013"/>
    <tag k="ele" v="-1.0379"/>
  </node>
  <node id="8420" lat="" lon="">
    <tag k="mgrs_code" v="99XXX0-1000"/>
    <tag k="local_x" v="-66.4503"/>
    <tag k="local_y" v="4.5266"/>
    <tag k="ele" v="-1.0446"/>
  </node>
  <node id="8422" lat="" lon="">
    <tag k="mgrs_code" v="99XXX0-1000"/>
    <tag k="local_x" v="-65.1139"/>
    <tag k="local_y" v="3.29"/>
    <tag k="ele" v="-1.0613"/>
  </node>
  <node id="8423" lat="" lon="">
    <tag k="mgrs_code" v="99XXX0-1000"/>
    <tag k="local_x" v="-63.465"/>
    <tag k="local_y" v="2.66"/>
    <tag k="ele" v="-1.0813"/>
  </node>
  <node id="8424" lat="" lon="">
    <tag k="mgrs_code" v="99XXX0-1000"/>
    <tag k="local_x" v="-61.2901"/>
    <tag k="local_y" v="2.2852"/>
    <tag k="ele" v="-1.1183"/>
  </node>
  <node id="8425" lat="" lon="">
    <tag k="mgrs_code" v="99XXX0-1000"/>
    <tag k="local_x" v="-59.8566"/>
    <tag k="local_y" v="1.8756"/>
    <tag k="ele" v="-1.145"/>
  </node>
  <node id="8426" lat="" lon="">
    <tag k="mgrs_code" v="99XXX0-1000"/>
    <tag k="local_x" v="-58.986"/>
    <tag k="local_y" v="1.778"/>
    <tag k="ele" v="-1.1567"/>
  </node>
  <node id="8427" lat="" lon="">
    <tag k="mgrs_code" v="99XXX0-1000"/>
    <tag k="local_x" v="-69.9559"/>
    <tag k="local_y" v="6.6173"/>
    <tag k="ele" v="-0.9788"/>
  </node>
  <node id="8428" lat="" lon="">
    <tag k="mgrs_code" v="99XXX0-1000"/>
    <tag k="local_x" v="-70.0193"/>
    <tag k="local_y" v="4.9617"/>
    <tag k="ele" v="-0.9756"/>
  </node>
  <node id="8430" lat="" lon="">
    <tag k="mgrs_code" v="99XXX0-1000"/>
    <tag k="local_x" v="-69.9132"/>
    <tag k="local_y" v="2.9118"/>
    <tag k="ele" v="-0.9653"/>
  </node>
  <node id="8431" lat="" lon="">
    <tag k="mgrs_code" v="99XXX0-1000"/>
    <tag k="local_x" v="-69.2798"/>
    <tag k="local_y" v="1.2042"/>
    <tag k="ele" v="-0.962"/>
  </node>
  <node id="8432" lat="" lon="">
    <tag k="mgrs_code" v="99XXX0-10-1"/>
    <tag k="local_x" v="-67.9487"/>
    <tag k="local_y" v="-0.4682"/>
    <tag k="ele" v="-0.9685"/>
  </node>
  <node id="8433" lat="" lon="">
    <tag k="mgrs_code" v="99XXX0-10-1"/>
    <tag k="local_x" v="-65.8205"/>
    <tag k="local_y" v="-1.104"/>
    <tag k="ele" v="-1.0027"/>
  </node>
  <node id="8434" lat="" lon="">
    <tag k="mgrs_code" v="99XXX0-10-1"/>
    <tag k="local_x" v="-63.7742"/>
    <tag k="local_y" v="-1.3029"/>
    <tag k="ele" v="-1.0434"/>
  </node>
  <node id="8435" lat="" lon="">
    <tag k="mgrs_code" v="99XXX0-10-1"/>
    <tag k="local_x" v="-62.0309"/>
    <tag k="local_y" v="-1.3238"/>
    <tag k="ele" v="-1.0858"/>
  </node>
  <node id="8436" lat="" lon="">
    <tag k="mgrs_code" v="99XXX0-10-1"/>
    <tag k="local_x" v="-60.2403"/>
    <tag k="local_y" v="-1.0402"/>
    <tag k="ele" v="-1.1135"/>
  </node>
  <node id="8437" lat="" lon="">
    <tag k="mgrs_code" v="99XXX0-10-1"/>
    <tag k="local_x" v="-58.6267"/>
    <tag k="local_y" v="-0.9724"/>
    <tag k="ele" v="-1.1337"/>
  </node>
  <node id="8526" lat="" lon="">
    <tag k="mgrs_code" v="99XXX0-1000"/>
    <tag k="local_x" v="-73.8432"/>
    <tag k="local_y" v="2.399"/>
    <tag k="ele" v="-0.8653"/>
  </node>
  <node id="8527" lat="" lon="">
    <tag k="mgrs_code" v="99XXX0-1000"/>
    <tag k="local_x" v="-71.801"/>
    <tag k="local_y" v="2.6712"/>
    <tag k="ele" v="-0.9284"/>
  </node>
  <node id="8529" lat="" lon="">
    <tag k="mgrs_code" v="99XXX0-1000"/>
    <tag k="local_x" v="-69.4307"/>
    <tag k="local_y" v="3.7357"/>
    <tag k="ele" v="-0.9752"/>
  </node>
  <node id="8530" lat="" lon="">
    <tag k="mgrs_code" v="99XXX0-1000"/>
    <tag k="local_x" v="-67.5957"/>
    <tag k="local_y" v="5.2659"/>
    <tag k="ele" v="-1.0218"/>
  </node>
  <node id="8531" lat="" lon="">
    <tag k="mgrs_code" v="99XXX0-1000"/>
    <tag k="local_x" v="-67.1402"/>
    <tag k="local_y" v="6.1933"/>
    <tag k="ele" v="-1.0349"/>
  </node>
  <node id="8532" lat="" lon="">
    <tag k="mgrs_code" v="99XXX0-1000"/>
    <tag k="local_x" v="-66.8624"/>
    <tag k="local_y" v="7.247"/>
    <tag k="ele" v="-1.0366"/>
  </node>
  <node id="8533" lat="" lon="">
    <tag k="mgrs_code" v="99XXX0-10-1"/>
    <tag k="local_x" v="-73.8578"/>
    <tag k="local_y" v="-0.3907"/>
    <tag k="ele" v="-0.8587"/>
  </node>
  <node id="8534" lat="" lon="">
    <tag k="mgrs_code" v="99XXX0-10-1"/>
    <tag k="local_x" v="-71.6323"/>
    <tag k="local_y" v="-0.4636"/>
    <tag k="ele" v="-0.9159"/>
  </node>
  <node id="8536" lat="" lon="">
    <tag k="mgrs_code" v="99XXX0-10-1"/>
    <tag k="local_x" v="-69.7151"/>
    <tag k="local_y" v="-0.4137"/>
    <tag k="ele" v="-0.9427"/>
  </node>
  <node id="8537" lat="" lon="">
    <tag k="mgrs_code" v="99XXX0-10-1"/>
    <tag k="local_x" v="-68.4159"/>
    <tag k="local_y" v="-0.0747"/>
    <tag k="ele" v="-0.9661"/>
  </node>
  <node id="8538" lat="" lon="">
    <tag k="mgrs_code" v="99XXX0-1000"/>
    <tag k="local_x" v="-66.2108"/>
    <tag k="local_y" v="0.6367"/>
    <tag k="ele" v="-1.0073"/>
  </node>
  <node id="8539" lat="" lon="">
    <tag k="mgrs_code" v="99XXX0-1000"/>
    <tag k="local_x" v="-64.3288"/>
    <tag k="local_y" v="2.0373"/>
    <tag k="ele" v="-1.0568"/>
  </node>
  <node id="8540" lat="" lon="">
    <tag k="mgrs_code" v="99XXX0-1000"/>
    <tag k="local_x" v="-63.427"/>
    <tag k="local_y" v="4.2407"/>
    <tag k="ele" v="-1.1027"/>
  </node>
  <node id="8541" lat="" lon="">
    <tag k="mgrs_code" v="99XXX0-1000"/>
    <tag k="local_x" v="-63.6568"/>
    <tag k="local_y" v="6.3712"/>
    <tag k="ele" v="-1.118"/>
  </node>
  <node id="8590" lat="" lon="">
    <tag k="mgrs_code" v="99XXX0-10-1"/>
    <tag k="local_x" v="-73.4156"/>
    <tag k="local_y" v="-0.3904"/>
    <tag k="ele" v="-0.8735"/>
  </node>
  <node id="8591" lat="" lon="">
    <tag k="mgrs_code" v="99XXX0-10-1"/>
    <tag k="local_x" v="-72.0654"/>
    <tag k="local_y" v="-1.2044"/>
    <tag k="ele" v="-0.9011"/>
  </node>
  <node id="8593" lat="" lon="">
    <tag k="mgrs_code" v="99XXX0-10-1"/>
    <tag k="local_x" v="-71.8037"/>
    <tag k="local_y" v="-2.7482"/>
    <tag k="ele" v="-0.8958"/>
  </node>
  <node id="8594" lat="" lon="">
    <tag k="mgrs_code" v="99XXX0-10-1"/>
    <tag k="local_x" v="-71.851"/>
    <tag k="local_y" v="-5.186"/>
    <tag k="ele" v="-0.8807"/>
  </node>
  <node id="8595" lat="" lon="">
    <tag k="mgrs_code" v="99XXX0-10-1"/>
    <tag k="local_x" v="-71.838"/>
    <tag k="local_y" v="-7.1054"/>
    <tag k="ele" v="-0.8568"/>
  </node>
  <node id="8596" lat="" lon="">
    <tag k="mgrs_code" v="99XXX0-10-1"/>
    <tag k="local_x" v="-69.7331"/>
    <tag k="local_y" v="-7.1245"/>
    <tag k="ele" v="-0.9209"/>
  </node>
  <node id="8597" lat="" lon="">
    <tag k="mgrs_code" v="99XXX0-1000"/>
    <tag k="local_x" v="-72.8604"/>
    <tag k="local_y" v="2.3929"/>
    <tag k="ele" v="-0.8938"/>
  </node>
  <node id="8598" lat="" lon="">
    <tag k="mgrs_code" v="99XXX0-1000"/>
    <tag k="local_x" v="-70.4614"/>
    <tag k="local_y" v="2.4184"/>
    <tag k="ele" v="-0.9523"/>
  </node>
  <node id="8600" lat="" lon="">
    <tag k="mgrs_code" v="99XXX0-1000"/>
    <tag k="local_x" v="-68.8198"/>
    <tag k="local_y" v="1.7597"/>
    <tag k="ele" v="-0.9725"/>
  </node>
  <node id="8601" lat="" lon="">
    <tag k="mgrs_code" v="99XXX0-1000"/>
    <tag k="local_x" v="-67.4834"/>
    <tag k="local_y" v="0.0593"/>
    <tag k="ele" v="-0.9818"/>
  </node>
  <node id="8602" lat="" lon="">
    <tag k="mgrs_code" v="99XXX0-10-1"/>
    <tag k="local_x" v="-66.7546"/>
    <tag k="local_y" v="-0.9924"/>
    <tag k="ele" v="-0.9855"/>
  </node>
  <node id="8603" lat="" lon="">
    <tag k="mgrs_code" v="99XXX0-10-1"/>
    <tag k="local_x" v="-66.63"/>
    <tag k="local_y" v="-2.9458"/>
    <tag k="ele" v="-0.991"/>
  </node>
  <node id="8604" lat="" lon="">
    <tag k="mgrs_code" v="99XXX0-10-1"/>
    <tag k="local_x" v="-66.7578"/>
    <tag k="local_y" v="-5.1273"/>
    <tag k="ele" v="-0.9891"/>
  </node>
  <node id="8612" lat="" lon="">
    <tag k="mgrs_code" v="99XXX0-10-1"/>
    <tag k="local_x" v="-64.1023"/>
    <tag k="local_y" v="-6.9523"/>
    <tag k="ele" v="-1.031"/>
  </node>
  <node id="8613" lat="" lon="">
    <tag k="mgrs_code" v="99XXX0-10-1"/>
    <tag k="local_x" v="-63.8817"/>
    <tag k="local_y" v="-5.4742"/>
    <tag k="ele" v="-1.0283"/>
  </node>
  <node id="8615" lat="" lon="">
    <tag k="mgrs_code" v="99XXX0-10-1"/>
    <tag k="local_x" v="-63.4363"/>
    <tag k="local_y" v="-4.3394"/>
    <tag k="ele" v="-1.0491"/>
  </node>
  <node id="8616" lat="" lon="">
    <tag k="mgrs_code" v="99XXX0-10-1"/>
    <tag k="local_x" v="-62.763"/>
    <tag k="local_y" v="-3.1875"/>
    <tag k="ele" v="-1.0646"/>
  </node>
  <node id="8617" lat="" lon="">
    <tag k="mgrs_code" v="99XXX0-10-1"/>
    <tag k="local_x" v="-61.9772"/>
    <tag k="local_y" v="-2.1883"/>
    <tag k="ele" v="-1.0829"/>
  </node>
  <node id="8618" lat="" lon="">
    <tag k="mgrs_code" v="99XXX0-10-1"/>
    <tag k="local_x" v="-60.9278"/>
    <tag k="local_y" v="-1.4567"/>
    <tag k="ele" v="-1.1002"/>
  </node>
  <node id="8619" lat="" lon="">
    <tag k="mgrs_code" v="99XXX0-10-1"/>
    <tag k="local_x" v="-60.2606"/>
    <tag k="local_y" v="-1.0637"/>
    <tag k="ele" v="-1.1124"/>
  </node>
  <node id="8620" lat="" lon="">
    <tag k="mgrs_code" v="99XXX0-10-1"/>
    <tag k="local_x" v="-59.4065"/>
    <tag k="local_y" v="-1.0136"/>
    <tag k="ele" v="-1.1237"/>
  </node>
  <node id="8621" lat="" lon="">
    <tag k="mgrs_code" v="99XXX0-10-1"/>
    <tag k="local_x" v="-66.7751"/>
    <tag k="local_y" v="-6.6653"/>
    <tag k="ele" v="-0.9779"/>
  </node>
  <node id="8622" lat="" lon="">
    <tag k="mgrs_code" v="99XXX0-10-1"/>
    <tag k="local_x" v="-66.7077"/>
    <tag k="local_y" v="-5.3567"/>
    <tag k="ele" v="-0.9891"/>
  </node>
  <node id="8624" lat="" lon="">
    <tag k="mgrs_code" v="99XXX0-10-1"/>
    <tag k="local_x" v="-66.6189"/>
    <tag k="local_y" v="-3.7448"/>
    <tag k="ele" v="-0.9926"/>
  </node>
  <node id="8625" lat="" lon="">
    <tag k="mgrs_code" v="99XXX0-10-1"/>
    <tag k="local_x" v="-66.5474"/>
    <tag k="local_y" v="-1.924"/>
    <tag k="ele" v="-0.99"/>
  </node>
  <node id="8626" lat="" lon="">
    <tag k="mgrs_code" v="99XXX0-10-1"/>
    <tag k="local_x" v="-66.1935"/>
    <tag k="local_y" v="-0.3711"/>
    <tag k="ele" v="-0.9985"/>
  </node>
  <node id="8627" lat="" lon="">
    <tag k="mgrs_code" v="99XXX0-1000"/>
    <tag k="local_x" v="-65.3689"/>
    <tag k="local_y" v="0.7227"/>
    <tag k="ele" v="-1.0227"/>
  </node>
  <node id="8628" lat="" lon="">
    <tag k="mgrs_code" v="99XXX0-1000"/>
    <tag k="local_x" v="-64.0354"/>
    <tag k="local_y" v="1.395"/>
    <tag k="ele" v="-1.0555"/>
  </node>
  <node id="8629" lat="" lon="">
    <tag k="mgrs_code" v="99XXX0-1000"/>
    <tag k="local_x" v="-62.4962"/>
    <tag k="local_y" v="1.7052"/>
    <tag k="ele" v="-1.0884"/>
  </node>
  <node id="8630" lat="" lon="">
    <tag k="mgrs_code" v="99XXX0-1000"/>
    <tag k="local_x" v="-61.2622"/>
    <tag k="local_y" v="1.8092"/>
    <tag k="ele" v="-1.1176"/>
  </node>
  <node id="8631" lat="" lon="">
    <tag k="mgrs_code" v="99XXX0-1000"/>
    <tag k="local_x" v="-60.2377"/>
    <tag k="local_y" v="1.801"/>
    <tag k="ele" v="-1.1294"/>
  </node>
  <node id="8639" lat="" lon="">
    <tag k="mgrs_code" v="99XXX0-10-1"/>
    <tag k="local_x" v="-66.8031"/>
    <tag k="local_y" v="-6.3504"/>
    <tag k="ele" v="-0.978"/>
  </node>
  <node id="8640" lat="" lon="">
    <tag k="mgrs_code" v="99XXX0-10-1"/>
    <tag k="local_x" v="-67.0235"/>
    <tag k="local_y" v="-4.5029"/>
    <tag k="ele" v="-0.9815"/>
  </node>
  <node id="8642" lat="" lon="">
    <tag k="mgrs_code" v="99XXX0-10-1"/>
    <tag k="local_x" v="-67.6889"/>
    <tag k="local_y" v="-3.1171"/>
    <tag k="ele" v="-0.9666"/>
  </node>
  <node id="8643" lat="" lon="">
    <tag k="mgrs_code" v="99XXX0-10-1"/>
    <tag k="local_x" v="-68.7848"/>
    <tag k="local_y" v="-1.2868"/>
    <tag k="ele" v="-0.949"/>
  </node>
  <node id="8644" lat="" lon="">
    <tag k="mgrs_code" v="99XXX0-1000"/>
    <tag k="local_x" v="-69.8821"/>
    <tag k="local_y" v="0.4497"/>
    <tag k="ele" v="-0.9467"/>
  </node>
  <node id="8645" lat="" lon="">
    <tag k="mgrs_code" v="99XXX0-1000"/>
    <tag k="local_x" v="-71.0465"/>
    <tag k="local_y" v="1.9061"/>
    <tag k="ele" v="-0.9346"/>
  </node>
  <node id="8646" lat="" lon="">
    <tag k="mgrs_code" v="99XXX0-1000"/>
    <tag k="local_x" v="-71.9778"/>
    <tag k="local_y" v="2.296"/>
    <tag k="ele" v="-0.9233"/>
  </node>
  <node id="8647" lat="" lon="">
    <tag k="mgrs_code" v="99XXX0-1000"/>
    <tag k="local_x" v="-72.7897"/>
    <tag k="local_y" v="2.3403"/>
    <tag k="ele" v="-0.8974"/>
  </node>
  <node id="8648" lat="" lon="">
    <tag k="mgrs_code" v="99XXX0-1000"/>
    <tag k="local_x" v="-73.2277"/>
    <tag k="local_y" v="2.316"/>
    <tag k="ele" v="-0.8812"/>
  </node>
  <node id="8649" lat="" lon="">
    <tag k="mgrs_code" v="99XXX0-10-1"/>
    <tag k="local_x" v="-64.1117"/>
    <tag k="local_y" v="-6.6238"/>
    <tag k="ele" v="-1.0261"/>
  </node>
  <node id="8650" lat="" lon="">
    <tag k="mgrs_code" v="99XXX0-10-1"/>
    <tag k="local_x" v="-63.9712"/>
    <tag k="local_y" v="-4.6873"/>
    <tag k="ele" v="-1.0415"/>
  </node>
  <node id="8652" lat="" lon="">
    <tag k="mgrs_code" v="99XXX0-10-1"/>
    <tag k="local_x" v="-63.9802"/>
    <tag k="local_y" v="-1.9059"/>
    <tag k="ele" v="-1.0387"/>
  </node>
  <node id="8653" lat="" lon="">
    <tag k="mgrs_code" v="99XXX0-10-1"/>
    <tag k="local_x" v="-64.0286"/>
    <tag k="local_y" v="-0.1555"/>
    <tag k="ele" v="-1.0438"/>
  </node>
  <node id="8654" lat="" lon="">
    <tag k="mgrs_code" v="99XXX0-1000"/>
    <tag k="local_x" v="-64.7576"/>
    <tag k="local_y" v="2.4754"/>
    <tag k="ele" v="-1.0519"/>
  </node>
  <node id="8655" lat="" lon="">
    <tag k="mgrs_code" v="99XXX0-1000"/>
    <tag k="local_x" v="-66.0891"/>
    <tag k="local_y" v="4.0174"/>
    <tag k="ele" v="-1.0498"/>
  </node>
  <node id="8656" lat="" lon="">
    <tag k="mgrs_code" v="99XXX0-1000"/>
    <tag k="local_x" v="-67.3013"/>
    <tag k="local_y" v="4.8396"/>
    <tag k="ele" v="-1.0282"/>
  </node>
  <node id="8657" lat="" lon="">
    <tag k="mgrs_code" v="99XXX0-1000"/>
    <tag k="local_x" v="-68.7035"/>
    <tag k="local_y" v="5.3509"/>
    <tag k="ele" v="-0.9929"/>
  </node>
  <node id="8658" lat="" lon="">
    <tag k="mgrs_code" v="99XXX0-1000"/>
    <tag k="local_x" v="-70.6079"/>
    <tag k="local_y" v="5.5849"/>
    <tag k="ele" v="-0.9692"/>
  </node>
  <node id="8659" lat="" lon="">
    <tag k="mgrs_code" v="99XXX0-1000"/>
    <tag k="local_x" v="-71.9836"/>
    <tag k="local_y" v="5.5021"/>
    <tag k="ele" v="-0.9514"/>
  </node>
  <node id="8660" lat="" lon="">
    <tag k="mgrs_code" v="99XXX0-1000"/>
    <tag k="local_x" v="-72.9538"/>
    <tag k="local_y" v="5.3224"/>
    <tag k="ele" v="-0.9342"/>
  </node>
  <node id="8709" lat="" lon="">
    <tag k="mgrs_code" v="99XXX0-10-1"/>
    <tag k="local_x" v="-64.7035"/>
    <tag k="local_y" v="-47.9989"/>
    <tag k="ele" v="-0.4978"/>
  </node>
  <node id="8710" lat="" lon="">
    <tag k="mgrs_code" v="99XXX0-10-1"/>
    <tag k="local_x" v="-64.1586"/>
    <tag k="local_y" v="-47.107"/>
    <tag k="ele" v="-0.5352"/>
  </node>
  <node id="8712" lat="" lon="">
    <tag k="mgrs_code" v="99XXX0-10-1"/>
    <tag k="local_x" v="-63.6835"/>
    <tag k="local_y" v="-46.5282"/>
    <tag k="ele" v="-0.5767"/>
  </node>
  <node id="8713" lat="" lon="">
    <tag k="mgrs_code" v="99XXX0-10-1"/>
    <tag k="local_x" v="-63.0292"/>
    <tag k="local_y" v="-45.9733"/>
    <tag k="ele" v="-0.599"/>
  </node>
  <node id="8714" lat="" lon="">
    <tag k="mgrs_code" v="99XXX0-10-1"/>
    <tag k="local_x" v="-62.3989"/>
    <tag k="local_y" v="-45.5975"/>
    <tag k="ele" v="-0.6311"/>
  </node>
  <node id="8715" lat="" lon="">
    <tag k="mgrs_code" v="99XXX0-10-1"/>
    <tag k="local_x" v="-61.7694"/>
    <tag k="local_y" v="-45.3336"/>
    <tag k="ele" v="-0.6233"/>
  </node>
  <node id="8716" lat="" lon="">
    <tag k="mgrs_code" v="99XXX0-10-1"/>
    <tag k="local_x" v="-61.2084"/>
    <tag k="local_y" v="-45.2261"/>
    <tag k="ele" v="-0.6048"/>
  </node>
  <node id="8717" lat="" lon="">
    <tag k="mgrs_code" v="99XXX0-10-1"/>
    <tag k="local_x" v="-60.5584"/>
    <tag k="local_y" v="-45.2089"/>
    <tag k="ele" v="-0.592"/>
  </node>
  <node id="8718" lat="" lon="">
    <tag k="mgrs_code" v="99XXX0-10-1"/>
    <tag k="local_x" v="-67.457"/>
    <tag k="local_y" v="-47.6632"/>
    <tag k="ele" v="-0.4698"/>
  </node>
  <node id="8719" lat="" lon="">
    <tag k="mgrs_code" v="99XXX0-10-1"/>
    <tag k="local_x" v="-67.4455"/>
    <tag k="local_y" v="-46.2517"/>
    <tag k="ele" v="-0.5029"/>
  </node>
  <node id="8721" lat="" lon="">
    <tag k="mgrs_code" v="99XXX0-10-1"/>
    <tag k="local_x" v="-67.3439"/>
    <tag k="local_y" v="-44.7513"/>
    <tag k="ele" v="-0.527"/>
  </node>
  <node id="8722" lat="" lon="">
    <tag k="mgrs_code" v="99XXX0-10-1"/>
    <tag k="local_x" v="-66.7517"/>
    <tag k="local_y" v="-43.5461"/>
    <tag k="ele" v="-0.5556"/>
  </node>
  <node id="8723" lat="" lon="">
    <tag k="mgrs_code" v="99XXX0-10-1"/>
    <tag k="local_x" v="-65.4687"/>
    <tag k="local_y" v="-42.8169"/>
    <tag k="ele" v="-0.5931"/>
  </node>
  <node id="8724" lat="" lon="">
    <tag k="mgrs_code" v="99XXX0-10-1"/>
    <tag k="local_x" v="-64.0986"/>
    <tag k="local_y" v="-42.4022"/>
    <tag k="ele" v="-0.6376"/>
  </node>
  <node id="8725" lat="" lon="">
    <tag k="mgrs_code" v="99XXX0-10-1"/>
    <tag k="local_x" v="-62.8891"/>
    <tag k="local_y" v="-42.4567"/>
    <tag k="ele" v="-0.6562"/>
  </node>
  <node id="8726" lat="" lon="">
    <tag k="mgrs_code" v="99XXX0-10-1"/>
    <tag k="local_x" v="-61.3211"/>
    <tag k="local_y" v="-42.514"/>
    <tag k="ele" v="-0.6385"/>
  </node>
  <node id="8742" lat="" lon="">
    <tag k="mgrs_code" v="99XXX0-10-1"/>
    <tag k="local_x" v="-67.5968"/>
    <tag k="local_y" v="-48.0753"/>
    <tag k="ele" v="-0.4634"/>
  </node>
  <node id="8743" lat="" lon="">
    <tag k="mgrs_code" v="99XXX0-10-1"/>
    <tag k="local_x" v="-68.0225"/>
    <tag k="local_y" v="-47.0894"/>
    <tag k="ele" v="-0.4819"/>
  </node>
  <node id="8745" lat="" lon="">
    <tag k="mgrs_code" v="99XXX0-10-1"/>
    <tag k="local_x" v="-68.7842"/>
    <tag k="local_y" v="-45.9468"/>
    <tag k="ele" v="-0.4941"/>
  </node>
  <node id="8746" lat="" lon="">
    <tag k="mgrs_code" v="99XXX0-10-1"/>
    <tag k="local_x" v="-70.151"/>
    <tag k="local_y" v="-44.5352"/>
    <tag k="ele" v="-0.4881"/>
  </node>
  <node id="8747" lat="" lon="">
    <tag k="mgrs_code" v="99XXX0-10-1"/>
    <tag k="local_x" v="-71.3833"/>
    <tag k="local_y" v="-43.4821"/>
    <tag k="ele" v="-0.4994"/>
  </node>
  <node id="8748" lat="" lon="">
    <tag k="mgrs_code" v="99XXX0-10-1"/>
    <tag k="local_x" v="-72.8172"/>
    <tag k="local_y" v="-42.5411"/>
    <tag k="ele" v="-0.5032"/>
  </node>
  <node id="8749" lat="" lon="">
    <tag k="mgrs_code" v="99XXX0-10-1"/>
    <tag k="local_x" v="-73.7583"/>
    <tag k="local_y" v="-42.093"/>
    <tag k="ele" v="-0.4963"/>
  </node>
  <node id="8750" lat="" lon="">
    <tag k="mgrs_code" v="99XXX0-10-1"/>
    <tag k="local_x" v="-74.4529"/>
    <tag k="local_y" v="-41.9586"/>
    <tag k="ele" v="-0.4935"/>
  </node>
  <node id="8751" lat="" lon="">
    <tag k="mgrs_code" v="99XXX0-10-1"/>
    <tag k="local_x" v="-64.8185"/>
    <tag k="local_y" v="-48.0305"/>
    <tag k="ele" v="-0.5024"/>
  </node>
  <node id="8752" lat="" lon="">
    <tag k="mgrs_code" v="99XXX0-10-1"/>
    <tag k="local_x" v="-64.7288"/>
    <tag k="local_y" v="-46.238"/>
    <tag k="ele" v="-0.5364"/>
  </node>
  <node id="8754" lat="" lon="">
    <tag k="mgrs_code" v="99XXX0-10-1"/>
    <tag k="local_x" v="-64.9081"/>
    <tag k="local_y" v="-44.2663"/>
    <tag k="ele" v="-0.5794"/>
  </node>
  <node id="8755" lat="" lon="">
    <tag k="mgrs_code" v="99XXX0-10-1"/>
    <tag k="local_x" v="-65.4682"/>
    <tag k="local_y" v="-42.6307"/>
    <tag k="ele" v="-0.5994"/>
  </node>
  <node id="8756" lat="" lon="">
    <tag k="mgrs_code" v="99XXX0-10-1"/>
    <tag k="local_x" v="-66.4989"/>
    <tag k="local_y" v="-41.6225"/>
    <tag k="ele" v="-0.5987"/>
  </node>
  <node id="8757" lat="" lon="">
    <tag k="mgrs_code" v="99XXX0-10-1"/>
    <tag k="local_x" v="-67.8208"/>
    <tag k="local_y" v="-40.547"/>
    <tag k="ele" v="-0.5854"/>
  </node>
  <node id="8758" lat="" lon="">
    <tag k="mgrs_code" v="99XXX0-10-1"/>
    <tag k="local_x" v="-69.3444"/>
    <tag k="local_y" v="-39.6956"/>
    <tag k="ele" v="-0.5763"/>
  </node>
  <node id="8759" lat="" lon="">
    <tag k="mgrs_code" v="99XXX0-10-1"/>
    <tag k="local_x" v="-71.1816"/>
    <tag k="local_y" v="-39.1355"/>
    <tag k="ele" v="-0.5787"/>
  </node>
  <node id="8760" lat="" lon="">
    <tag k="mgrs_code" v="99XXX0-10-1"/>
    <tag k="local_x" v="-73.0189"/>
    <tag k="local_y" v="-38.9338"/>
    <tag k="ele" v="-0.5751"/>
  </node>
  <node id="8761" lat="" lon="">
    <tag k="mgrs_code" v="99XXX0-10-1"/>
    <tag k="local_x" v="-74.4304"/>
    <tag k="local_y" v="-39.0459"/>
    <tag k="ele" v="-0.5385"/>
  </node>
  <node id="8828" lat="" lon="">
    <tag k="mgrs_code" v="99XXX0-10-1"/>
    <tag k="local_x" v="-59.0347"/>
    <tag k="local_y" v="-39.7935"/>
    <tag k="ele" v="-0.6505"/>
  </node>
  <node id="8829" lat="" lon="">
    <tag k="mgrs_code" v="99XXX0-10-1"/>
    <tag k="local_x" v="-60.6858"/>
    <tag k="local_y" v="-39.6443"/>
    <tag k="ele" v="-0.6683"/>
  </node>
  <node id="8831" lat="" lon="">
    <tag k="mgrs_code" v="99XXX0-10-1"/>
    <tag k="local_x" v="-62.0088"/>
    <tag k="local_y" v="-39.2447"/>
    <tag k="ele" v="-0.692"/>
  </node>
  <node id="8832" lat="" lon="">
    <tag k="mgrs_code" v="99XXX0-10-1"/>
    <tag k="local_x" v="-62.8331"/>
    <tag k="local_y" v="-38.6474"/>
    <tag k="ele" v="-0.6943"/>
  </node>
  <node id="8833" lat="" lon="">
    <tag k="mgrs_code" v="99XXX0-10-1"/>
    <tag k="local_x" v="-63.583"/>
    <tag k="local_y" v="-37.522"/>
    <tag k="ele" v="-0.6923"/>
  </node>
  <node id="8834" lat="" lon="">
    <tag k="mgrs_code" v="99XXX0-10-1"/>
    <tag k="local_x" v="-64.0599"/>
    <tag k="local_y" v="-36.4878"/>
    <tag k="ele" v="-0.7028"/>
  </node>
  <node id="8835" lat="" lon="">
    <tag k="mgrs_code" v="99XXX0-10-1"/>
    <tag k="local_x" v="-64.39"/>
    <tag k="local_y" v="-35.3397"/>
    <tag k="ele" v="-0.7147"/>
  </node>
  <node id="8836" lat="" lon="">
    <tag k="mgrs_code" v="99XXX0-10-1"/>
    <tag k="local_x" v="-64.6128"/>
    <tag k="local_y" v="-34.1593"/>
    <tag k="ele" v="-0.7311"/>
  </node>
  <node id="8837" lat="" lon="">
    <tag k="mgrs_code" v="99XXX0-10-1"/>
    <tag k="local_x" v="-64.5643"/>
    <tag k="local_y" v="-33.0967"/>
    <tag k="ele" v="-0.7344"/>
  </node>
  <node id="8838" lat="" lon="">
    <tag k="mgrs_code" v="99XXX0-10-1"/>
    <tag k="local_x" v="-59.1874"/>
    <tag k="local_y" v="-42.626"/>
    <tag k="ele" v="-0.6632"/>
  </node>
  <node id="8839" lat="" lon="">
    <tag k="mgrs_code" v="99XXX0-10-1"/>
    <tag k="local_x" v="-60.73"/>
    <tag k="local_y" v="-42.5217"/>
    <tag k="ele" v="-0.6567"/>
  </node>
  <node id="8841" lat="" lon="">
    <tag k="mgrs_code" v="99XXX0-10-1"/>
    <tag k="local_x" v="-62.187"/>
    <tag k="local_y" v="-42.4693"/>
    <tag k="ele" v="-0.6419"/>
  </node>
  <node id="8842" lat="" lon="">
    <tag k="mgrs_code" v="99XXX0-10-1"/>
    <tag k="local_x" v="-63.685"/>
    <tag k="local_y" v="-42.3686"/>
    <tag k="ele" v="-0.6476"/>
  </node>
  <node id="8843" lat="" lon="">
    <tag k="mgrs_code" v="99XXX0-10-1"/>
    <tag k="local_x" v="-64.9933"/>
    <tag k="local_y" v="-42.1486"/>
    <tag k="ele" v="-0.6193"/>
  </node>
  <node id="8844" lat="" lon="">
    <tag k="mgrs_code" v="99XXX0-10-1"/>
    <tag k="local_x" v="-66.3955"/>
    <tag k="local_y" v="-41.1566"/>
    <tag k="ele" v="-0.611"/>
  </node>
  <node id="8845" lat="" lon="">
    <tag k="mgrs_code" v="99XXX0-10-1"/>
    <tag k="local_x" v="-66.8824"/>
    <tag k="local_y" v="-39.97"/>
    <tag k="ele" v="-0.6203"/>
  </node>
  <node id="8846" lat="" lon="">
    <tag k="mgrs_code" v="99XXX0-10-1"/>
    <tag k="local_x" v="-67.3192"/>
    <tag k="local_y" v="-38.7201"/>
    <tag k="ele" v="-0.6311"/>
  </node>
  <node id="8847" lat="" lon="">
    <tag k="mgrs_code" v="99XXX0-10-1"/>
    <tag k="local_x" v="-67.2873"/>
    <tag k="local_y" v="-37.239"/>
    <tag k="ele" v="-0.6482"/>
  </node>
  <node id="8848" lat="" lon="">
    <tag k="mgrs_code" v="99XXX0-10-1"/>
    <tag k="local_x" v="-67.2735"/>
    <tag k="local_y" v="-36.2509"/>
    <tag k="ele" v="-0.6566"/>
  </node>
  <node id="8856" lat="" lon="">
    <tag k="mgrs_code" v="99XXX0-10-1"/>
    <tag k="local_x" v="-58.8971"/>
    <tag k="local_y" v="-42.6191"/>
    <tag k="ele" v="-0.65"/>
  </node>
  <node id="8857" lat="" lon="">
    <tag k="mgrs_code" v="99XXX0-10-1"/>
    <tag k="local_x" v="-60.2861"/>
    <tag k="local_y" v="-42.5267"/>
    <tag k="ele" v="-0.6535"/>
  </node>
  <node id="8859" lat="" lon="">
    <tag k="mgrs_code" v="99XXX0-10-1"/>
    <tag k="local_x" v="-61.8097"/>
    <tag k="local_y" v="-42.5685"/>
    <tag k="ele" v="-0.6351"/>
  </node>
  <node id="8860" lat="" lon="">
    <tag k="mgrs_code" v="99XXX0-10-1"/>
    <tag k="local_x" v="-62.9979"/>
    <tag k="local_y" v="-42.9022"/>
    <tag k="ele" v="-0.6449"/>
  </node>
  <node id="8861" lat="" lon="">
    <tag k="mgrs_code" v="99XXX0-10-1"/>
    <tag k="local_x" v="-64.3663"/>
    <tag k="local_y" v="-43.7285"/>
    <tag k="ele" v="-0.6242"/>
  </node>
  <node id="8862" lat="" lon="">
    <tag k="mgrs_code" v="99XXX0-10-1"/>
    <tag k="local_x" v="-65.4882"/>
    <tag k="local_y" v="-44.5328"/>
    <tag k="ele" v="-0.5578"/>
  </node>
  <node id="8863" lat="" lon="">
    <tag k="mgrs_code" v="99XXX0-10-1"/>
    <tag k="local_x" v="-66.7004"/>
    <tag k="local_y" v="-45.6731"/>
    <tag k="ele" v="-0.516"/>
  </node>
  <node id="8864" lat="" lon="">
    <tag k="mgrs_code" v="99XXX0-10-1"/>
    <tag k="local_x" v="-67.3744"/>
    <tag k="local_y" v="-46.6352"/>
    <tag k="ele" v="-0.4984"/>
  </node>
  <node id="8865" lat="" lon="">
    <tag k="mgrs_code" v="99XXX0-10-1"/>
    <tag k="local_x" v="-67.4884"/>
    <tag k="local_y" v="-47.576"/>
    <tag k="ele" v="-0.4706"/>
  </node>
  <node id="8866" lat="" lon="">
    <tag k="mgrs_code" v="99XXX0-10-1"/>
    <tag k="local_x" v="-59.0708"/>
    <tag k="local_y" v="-39.8629"/>
    <tag k="ele" v="-0.657"/>
  </node>
  <node id="8867" lat="" lon="">
    <tag k="mgrs_code" v="99XXX0-10-1"/>
    <tag k="local_x" v="-60.5496"/>
    <tag k="local_y" v="-39.8599"/>
    <tag k="ele" v="-0.6699"/>
  </node>
  <node id="8869" lat="" lon="">
    <tag k="mgrs_code" v="99XXX0-10-1"/>
    <tag k="local_x" v="-62.7677"/>
    <tag k="local_y" v="-39.8555"/>
    <tag k="ele" v="-0.7012"/>
  </node>
  <node id="8870" lat="" lon="">
    <tag k="mgrs_code" v="99XXX0-10-1"/>
    <tag k="local_x" v="-64.5828"/>
    <tag k="local_y" v="-39.9639"/>
    <tag k="ele" v="-0.6755"/>
  </node>
  <node id="8871" lat="" lon="">
    <tag k="mgrs_code" v="99XXX0-10-1"/>
    <tag k="local_x" v="-66.2639"/>
    <tag k="local_y" v="-40.2966"/>
    <tag k="ele" v="-0.63"/>
  </node>
  <node id="8872" lat="" lon="">
    <tag k="mgrs_code" v="99XXX0-10-1"/>
    <tag k="local_x" v="-67.699"/>
    <tag k="local_y" v="-40.8539"/>
    <tag k="ele" v="-0.5831"/>
  </node>
  <node id="8873" lat="" lon="">
    <tag k="mgrs_code" v="99XXX0-10-1"/>
    <tag k="local_x" v="-68.978"/>
    <tag k="local_y" v="-41.7924"/>
    <tag k="ele" v="-0.5397"/>
  </node>
  <node id="8874" lat="" lon="">
    <tag k="mgrs_code" v="99XXX0-10-1"/>
    <tag k="local_x" v="-69.675"/>
    <tag k="local_y" v="-43.0457"/>
    <tag k="ele" v="-0.5141"/>
  </node>
  <node id="8875" lat="" lon="">
    <tag k="mgrs_code" v="99XXX0-10-1"/>
    <tag k="local_x" v="-70.0805"/>
    <tag k="local_y" v="-44.1427"/>
    <tag k="ele" v="-0.4944"/>
  </node>
  <node id="8876" lat="" lon="">
    <tag k="mgrs_code" v="99XXX0-10-1"/>
    <tag k="local_x" v="-70.1505"/>
    <tag k="local_y" v="-45.5093"/>
    <tag k="ele" v="-0.4773"/>
  </node>
  <node id="8877" lat="" lon="">
    <tag k="mgrs_code" v="99XXX0-10-1"/>
    <tag k="local_x" v="-70.153"/>
    <tag k="local_y" v="-46.764"/>
    <tag k="ele" v="-0.4668"/>
  </node>
  <node id="8928" lat="" lon="">
    <tag k="mgrs_code" v="99XXX0-10-1"/>
    <tag k="local_x" v="-70.1606"/>
    <tag k="local_y" v="-32.5255"/>
    <tag k="ele" v="-0.6988"/>
  </node>
  <node id="8929" lat="" lon="">
    <tag k="mgrs_code" v="99XXX0-10-1"/>
    <tag k="local_x" v="-72.4783"/>
    <tag k="local_y" v="-32.5083"/>
    <tag k="ele" v="-0.6599"/>
  </node>
  <node id="8931" lat="" lon="">
    <tag k="mgrs_code" v="99XXX0-10-1"/>
    <tag k="local_x" v="-72.6152"/>
    <tag k="local_y" v="-35.9602"/>
    <tag k="ele" v="-0.6036"/>
  </node>
  <node id="8932" lat="" lon="">
    <tag k="mgrs_code" v="99XXX0-10-1"/>
    <tag k="local_x" v="-72.806"/>
    <tag k="local_y" v="-37.4744"/>
    <tag k="ele" v="-0.5825"/>
  </node>
  <node id="8933" lat="" lon="">
    <tag k="mgrs_code" v="99XXX0-10-1"/>
    <tag k="local_x" v="-73.6469"/>
    <tag k="local_y" v="-38.5894"/>
    <tag k="ele" v="-0.5673"/>
  </node>
  <node id="8934" lat="" lon="">
    <tag k="mgrs_code" v="99XXX0-10-1"/>
    <tag k="local_x" v="-74.3381"/>
    <tag k="local_y" v="-39.0692"/>
    <tag k="ele" v="-0.5402"/>
  </node>
  <node id="8935" lat="" lon="">
    <tag k="mgrs_code" v="99XXX0-10-1"/>
    <tag k="local_x" v="-67.2517"/>
    <tag k="local_y" v="-33.2355"/>
    <tag k="ele" v="-0.7147"/>
  </node>
  <node id="8936" lat="" lon="">
    <tag k="mgrs_code" v="99XXX0-10-1"/>
    <tag k="local_x" v="-67.3086"/>
    <tag k="local_y" v="-35.1473"/>
    <tag k="ele" v="-0.6768"/>
  </node>
  <node id="8938" lat="" lon="">
    <tag k="mgrs_code" v="99XXX0-10-1"/>
    <tag k="local_x" v="-67.5215"/>
    <tag k="local_y" v="-37.0672"/>
    <tag k="ele" v="-0.6462"/>
  </node>
  <node id="8939" lat="" lon="">
    <tag k="mgrs_code" v="99XXX0-10-1"/>
    <tag k="local_x" v="-67.7706"/>
    <tag k="local_y" v="-38.8951"/>
    <tag k="ele" v="-0.6212"/>
  </node>
  <node id="8940" lat="" lon="">
    <tag k="mgrs_code" v="99XXX0-10-1"/>
    <tag k="local_x" v="-68.5469"/>
    <tag k="local_y" v="-40.8131"/>
    <tag k="ele" v="-0.5646"/>
  </node>
  <node id="8941" lat="" lon="">
    <tag k="mgrs_code" v="99XXX0-10-1"/>
    <tag k="local_x" v="-69.9681"/>
    <tag k="local_y" v="-41.7633"/>
    <tag k="ele" v="-0.5305"/>
  </node>
  <node id="8942" lat="" lon="">
    <tag k="mgrs_code" v="99XXX0-10-1"/>
    <tag k="local_x" v="-71.5435"/>
    <tag k="local_y" v="-42.1583"/>
    <tag k="ele" v="-0.5216"/>
  </node>
  <node id="8943" lat="" lon="">
    <tag k="mgrs_code" v="99XXX0-10-1"/>
    <tag k="local_x" v="-73.3665"/>
    <tag k="local_y" v="-42.0028"/>
    <tag k="ele" v="-0.5049"/>
  </node>
  <node id="8951" lat="" lon="">
    <tag k="mgrs_code" v="99XXX0-10-1"/>
    <tag k="local_x" v="-67.2321"/>
    <tag k="local_y" v="-33.9934"/>
    <tag k="ele" v="-0.7003"/>
  </node>
  <node id="8952" lat="" lon="">
    <tag k="mgrs_code" v="99XXX0-10-1"/>
    <tag k="local_x" v="-67.2447"/>
    <tag k="local_y" v="-35.8395"/>
    <tag k="ele" v="-0.6639"/>
  </node>
  <node id="8954" lat="" lon="">
    <tag k="mgrs_code" v="99XXX0-10-1"/>
    <tag k="local_x" v="-66.6433"/>
    <tag k="local_y" v="-37.8399"/>
    <tag k="ele" v="-0.6445"/>
  </node>
  <node id="8955" lat="" lon="">
    <tag k="mgrs_code" v="99XXX0-10-1"/>
    <tag k="local_x" v="-65.717"/>
    <tag k="local_y" v="-39.2756"/>
    <tag k="ele" v="-0.6515"/>
  </node>
  <node id="8956" lat="" lon="">
    <tag k="mgrs_code" v="99XXX0-10-1"/>
    <tag k="local_x" v="-64.6547"/>
    <tag k="local_y" v="-40.6677"/>
    <tag k="ele" v="-0.6603"/>
  </node>
  <node id="8957" lat="" lon="">
    <tag k="mgrs_code" v="99XXX0-10-1"/>
    <tag k="local_x" v="-63.4826"/>
    <tag k="local_y" v="-41.7109"/>
    <tag k="ele" v="-0.6687"/>
  </node>
  <node id="8958" lat="" lon="">
    <tag k="mgrs_code" v="99XXX0-10-1"/>
    <tag k="local_x" v="-62.1737"/>
    <tag k="local_y" v="-42.3101"/>
    <tag k="ele" v="-0.6546"/>
  </node>
  <node id="8959" lat="" lon="">
    <tag k="mgrs_code" v="99XXX0-10-1"/>
    <tag k="local_x" v="-61.2587"/>
    <tag k="local_y" v="-42.4888"/>
    <tag k="ele" v="-0.6415"/>
  </node>
  <node id="8960" lat="" lon="">
    <tag k="mgrs_code" v="99XXX0-10-1"/>
    <tag k="local_x" v="-70.0631"/>
    <tag k="local_y" v="-32.7087"/>
    <tag k="ele" v="-0.6939"/>
  </node>
  <node id="8961" lat="" lon="">
    <tag k="mgrs_code" v="99XXX0-10-1"/>
    <tag k="local_x" v="-70.1677"/>
    <tag k="local_y" v="-35.4271"/>
    <tag k="ele" v="-0.6341"/>
  </node>
  <node id="8963" lat="" lon="">
    <tag k="mgrs_code" v="99XXX0-10-1"/>
    <tag k="local_x" v="-70.0865"/>
    <tag k="local_y" v="-38.5524"/>
    <tag k="ele" v="-0.5904"/>
  </node>
  <node id="8964" lat="" lon="">
    <tag k="mgrs_code" v="99XXX0-10-1"/>
    <tag k="local_x" v="-70.1264"/>
    <tag k="local_y" v="-40.7085"/>
    <tag k="ele" v="-0.5481"/>
  </node>
  <node id="8965" lat="" lon="">
    <tag k="mgrs_code" v="99XXX0-10-1"/>
    <tag k="local_x" v="-69.7899"/>
    <tag k="local_y" v="-42.5224"/>
    <tag k="ele" v="-0.5214"/>
  </node>
  <node id="8966" lat="" lon="">
    <tag k="mgrs_code" v="99XXX0-10-1"/>
    <tag k="local_x" v="-68.7026"/>
    <tag k="local_y" v="-44.1517"/>
    <tag k="ele" v="-0.5164"/>
  </node>
  <node id="8967" lat="" lon="">
    <tag k="mgrs_code" v="99XXX0-10-1"/>
    <tag k="local_x" v="-67.1443"/>
    <tag k="local_y" v="-45.1892"/>
    <tag k="ele" v="-0.5179"/>
  </node>
  <node id="8968" lat="" lon="">
    <tag k="mgrs_code" v="99XXX0-10-1"/>
    <tag k="local_x" v="-65.3015"/>
    <tag k="local_y" v="-45.4466"/>
    <tag k="ele" v="-0.5405"/>
  </node>
  <node id="8969" lat="" lon="">
    <tag k="mgrs_code" v="99XXX0-10-1"/>
    <tag k="local_x" v="-63.7388"/>
    <tag k="local_y" v="-45.3904"/>
    <tag k="ele" v="-0.5795"/>
  </node>
  <node id="8970" lat="" lon="">
    <tag k="mgrs_code" v="99XXX0-10-1"/>
    <tag k="local_x" v="-62.3009"/>
    <tag k="local_y" v="-45.3024"/>
    <tag k="ele" v="-0.6406"/>
  </node>
  <node id="9025" lat="" lon="">
    <tag k="mgrs_code" v="99XXX0-10-1"/>
    <tag k="local_x" v="-74.5519"/>
    <tag k="local_y" v="-45.079"/>
    <tag k="ele" v="-0.4379"/>
  </node>
  <node id="9026" lat="" lon="">
    <tag k="mgrs_code" v="99XXX0-10-1"/>
    <tag k="local_x" v="-73.6078"/>
    <tag k="local_y" v="-45.4371"/>
    <tag k="ele" v="-0.4367"/>
  </node>
  <node id="9028" lat="" lon="">
    <tag k="mgrs_code" v="99XXX0-10-1"/>
    <tag k="local_x" v="-73.125"/>
    <tag k="local_y" v="-46.2097"/>
    <tag k="ele" v="-0.4248"/>
  </node>
  <node id="9029" lat="" lon="">
    <tag k="mgrs_code" v="99XXX0-10-1"/>
    <tag k="local_x" v="-73.1338"/>
    <tag k="local_y" v="-47.4601"/>
    <tag k="ele" v="-0.4165"/>
  </node>
  <node id="9030" lat="" lon="">
    <tag k="mgrs_code" v="99XXX0-10-1"/>
    <tag k="local_x" v="-73.1513"/>
    <tag k="local_y" v="-48.2229"/>
    <tag k="ele" v="-0.3979"/>
  </node>
  <node id="9034" lat="" lon="">
    <tag k="mgrs_code" v="99XXX0-10-1"/>
    <tag k="local_x" v="-74.2517"/>
    <tag k="local_y" v="-41.9196"/>
    <tag k="ele" v="-0.4946"/>
  </node>
  <node id="9035" lat="" lon="">
    <tag k="mgrs_code" v="99XXX0-10-1"/>
    <tag k="local_x" v="-72.5835"/>
    <tag k="local_y" v="-41.9689"/>
    <tag k="ele" v="-0.5141"/>
  </node>
  <node id="9037" lat="" lon="">
    <tag k="mgrs_code" v="99XXX0-10-1"/>
    <tag k="local_x" v="-70.0148"/>
    <tag k="local_y" v="-42.055"/>
    <tag k="ele" v="-0.5269"/>
  </node>
  <node id="9038" lat="" lon="">
    <tag k="mgrs_code" v="99XXX0-10-1"/>
    <tag k="local_x" v="-68.6017"/>
    <tag k="local_y" v="-42.6382"/>
    <tag k="ele" v="-0.5333"/>
  </node>
  <node id="9039" lat="" lon="">
    <tag k="mgrs_code" v="99XXX0-10-1"/>
    <tag k="local_x" v="-67.6409"/>
    <tag k="local_y" v="-44.5529"/>
    <tag k="ele" v="-0.5265"/>
  </node>
  <node id="9040" lat="" lon="">
    <tag k="mgrs_code" v="99XXX0-10-1"/>
    <tag k="local_x" v="-67.4517"/>
    <tag k="local_y" v="-46.2432"/>
    <tag k="ele" v="-0.5058"/>
  </node>
  <node id="9048" lat="" lon="">
    <tag k="mgrs_code" v="99XXX0-10-1"/>
    <tag k="local_x" v="-74.6759"/>
    <tag k="local_y" v="-41.8743"/>
    <tag k="ele" v="-0.4973"/>
  </node>
  <node id="9049" lat="" lon="">
    <tag k="mgrs_code" v="99XXX0-10-1"/>
    <tag k="local_x" v="-72.2169"/>
    <tag k="local_y" v="-41.7506"/>
    <tag k="ele" v="-0.5208"/>
  </node>
  <node id="9051" lat="" lon="">
    <tag k="mgrs_code" v="99XXX0-10-1"/>
    <tag k="local_x" v="-70.3244"/>
    <tag k="local_y" v="-41.0284"/>
    <tag k="ele" v="-0.5453"/>
  </node>
  <node id="9052" lat="" lon="">
    <tag k="mgrs_code" v="99XXX0-10-1"/>
    <tag k="local_x" v="-68.8114"/>
    <tag k="local_y" v="-39.8102"/>
    <tag k="ele" v="-0.5817"/>
  </node>
  <node id="9053" lat="" lon="">
    <tag k="mgrs_code" v="99XXX0-10-1"/>
    <tag k="local_x" v="-67.889"/>
    <tag k="local_y" v="-38.1263"/>
    <tag k="ele" v="-0.6236"/>
  </node>
  <node id="9054" lat="" lon="">
    <tag k="mgrs_code" v="99XXX0-10-1"/>
    <tag k="local_x" v="-67.3601"/>
    <tag k="local_y" v="-36.6347"/>
    <tag k="ele" v="-0.6496"/>
  </node>
  <node id="9055" lat="" lon="">
    <tag k="mgrs_code" v="99XXX0-10-1"/>
    <tag k="local_x" v="-74.5129"/>
    <tag k="local_y" v="-45.0471"/>
    <tag k="ele" v="-0.4399"/>
  </node>
  <node id="9056" lat="" lon="">
    <tag k="mgrs_code" v="99XXX0-10-1"/>
    <tag k="local_x" v="-72.4734"/>
    <tag k="local_y" v="-45.1427"/>
    <tag k="ele" v="-0.4596"/>
  </node>
  <node id="9058" lat="" lon="">
    <tag k="mgrs_code" v="99XXX0-10-1"/>
    <tag k="local_x" v="-69.7729"/>
    <tag k="local_y" v="-45.2"/>
    <tag k="ele" v="-0.4859"/>
  </node>
  <node id="9059" lat="" lon="">
    <tag k="mgrs_code" v="99XXX0-10-1"/>
    <tag k="local_x" v="-67.7882"/>
    <tag k="local_y" v="-45.1907"/>
    <tag k="ele" v="-0.5127"/>
  </node>
  <node id="9060" lat="" lon="">
    <tag k="mgrs_code" v="99XXX0-10-1"/>
    <tag k="local_x" v="-66.2878"/>
    <tag k="local_y" v="-44.7402"/>
    <tag k="ele" v="-0.5362"/>
  </node>
  <node id="9061" lat="" lon="">
    <tag k="mgrs_code" v="99XXX0-10-1"/>
    <tag k="local_x" v="-65.0956"/>
    <tag k="local_y" v="-43.3425"/>
    <tag k="ele" v="-0.6029"/>
  </node>
  <node id="9062" lat="" lon="">
    <tag k="mgrs_code" v="99XXX0-10-1"/>
    <tag k="local_x" v="-64.4652"/>
    <tag k="local_y" v="-41.611"/>
    <tag k="ele" v="-0.6546"/>
  </node>
  <node id="9063" lat="" lon="">
    <tag k="mgrs_code" v="99XXX0-10-1"/>
    <tag k="local_x" v="-64.2435"/>
    <tag k="local_y" v="-39.2251"/>
    <tag k="ele" v="-0.6857"/>
  </node>
  <node id="9064" lat="" lon="">
    <tag k="mgrs_code" v="99XXX0-10-1"/>
    <tag k="local_x" v="-64.3581"/>
    <tag k="local_y" v="-37.2688"/>
    <tag k="ele" v="-0.7102"/>
  </node>
  <node id="9065" lat="" lon="">
    <tag k="mgrs_code" v="99XXX0-10-1"/>
    <tag k="local_x" v="-64.4589"/>
    <tag k="local_y" v="-36.0796"/>
    <tag k="ele" v="-0.7137"/>
  </node>
  <node id="9124" lat="" lon="">
    <tag k="mgrs_code" v="99XXX0-10-1"/>
    <tag k="local_x" v="-60.7226"/>
    <tag k="local_y" v="-57.1618"/>
    <tag k="ele" v="-0.3051"/>
  </node>
  <node id="9125" lat="" lon="">
    <tag k="mgrs_code" v="99XXX0-10-1"/>
    <tag k="local_x" v="-62.4991"/>
    <tag k="local_y" v="-56.8798"/>
    <tag k="ele" v="-0.3078"/>
  </node>
  <node id="9127" lat="" lon="">
    <tag k="mgrs_code" v="99XXX0-10-1"/>
    <tag k="local_x" v="-63.5507"/>
    <tag k="local_y" v="-56.267"/>
    <tag k="ele" v="-0.3215"/>
  </node>
  <node id="9128" lat="" lon="">
    <tag k="mgrs_code" v="99XXX0-10-1"/>
    <tag k="local_x" v="-64.499"/>
    <tag k="local_y" v="-55.1248"/>
    <tag k="ele" v="-0.3489"/>
  </node>
  <node id="9129" lat="" lon="">
    <tag k="mgrs_code" v="99XXX0-10-1"/>
    <tag k="local_x" v="-64.9855"/>
    <tag k="local_y" v="-54.3659"/>
    <tag k="ele" v="-0.3662"/>
  </node>
  <node id="9130" lat="" lon="">
    <tag k="mgrs_code" v="99XXX0-10-1"/>
    <tag k="local_x" v="-60.8045"/>
    <tag k="local_y" v="-59.9733"/>
    <tag k="ele" v="-0.2607"/>
  </node>
  <node id="9131" lat="" lon="">
    <tag k="mgrs_code" v="99XXX0-10-1"/>
    <tag k="local_x" v="-63.0859"/>
    <tag k="local_y" v="-59.9635"/>
    <tag k="ele" v="-0.2453"/>
  </node>
  <node id="9133" lat="" lon="">
    <tag k="mgrs_code" v="99XXX0-10-1"/>
    <tag k="local_x" v="-64.8039"/>
    <tag k="local_y" v="-59.9013"/>
    <tag k="ele" v="-0.2409"/>
  </node>
  <node id="9134" lat="" lon="">
    <tag k="mgrs_code" v="99XXX0-10-1"/>
    <tag k="local_x" v="-65.7724"/>
    <tag k="local_y" v="-59.8838"/>
    <tag k="ele" v="-0.2358"/>
  </node>
  <node id="9135" lat="" lon="">
    <tag k="mgrs_code" v="99XXX0-10-1"/>
    <tag k="local_x" v="-67.0048"/>
    <tag k="local_y" v="-58.8927"/>
    <tag k="ele" v="-0.2555"/>
  </node>
  <node id="9136" lat="" lon="">
    <tag k="mgrs_code" v="99XXX0-10-1"/>
    <tag k="local_x" v="-67.7333"/>
    <tag k="local_y" v="-57.6919"/>
    <tag k="ele" v="-0.2857"/>
  </node>
  <node id="9144" lat="" lon="">
    <tag k="mgrs_code" v="99XXX0-10-1"/>
    <tag k="local_x" v="-61.1142"/>
    <tag k="local_y" v="-59.9927"/>
    <tag k="ele" v="-0.2607"/>
  </node>
  <node id="9145" lat="" lon="">
    <tag k="mgrs_code" v="99XXX0-10-1"/>
    <tag k="local_x" v="-63.3404"/>
    <tag k="local_y" v="-60.1643"/>
    <tag k="ele" v="-0.235"/>
  </node>
  <node id="9147" lat="" lon="">
    <tag k="mgrs_code" v="99XXX0-10-1"/>
    <tag k="local_x" v="-65.1315"/>
    <tag k="local_y" v="-61.1642"/>
    <tag k="ele" v="-0.2282"/>
  </node>
  <node id="9148" lat="" lon="">
    <tag k="mgrs_code" v="99XXX0-10-1"/>
    <tag k="local_x" v="-66.3171"/>
    <tag k="local_y" v="-62.3338"/>
    <tag k="ele" v="-0.13"/>
  </node>
  <node id="9149" lat="" lon="">
    <tag k="mgrs_code" v="99XXX0-10-1"/>
    <tag k="local_x" v="-67.2659"/>
    <tag k="local_y" v="-63.587"/>
    <tag k="ele" v="-0.1181"/>
  </node>
  <node id="9150" lat="" lon="">
    <tag k="mgrs_code" v="99XXX0-10-1"/>
    <tag k="local_x" v="-67.8944"/>
    <tag k="local_y" v="-64.6872"/>
    <tag k="ele" v="-0.0953"/>
  </node>
  <node id="9151" lat="" lon="">
    <tag k="mgrs_code" v="99XXX0-10-1"/>
    <tag k="local_x" v="-60.5355"/>
    <tag k="local_y" v="-57.2507"/>
    <tag k="ele" v="-0.3059"/>
  </node>
  <node id="9152" lat="" lon="">
    <tag k="mgrs_code" v="99XXX0-10-1"/>
    <tag k="local_x" v="-62.8372"/>
    <tag k="local_y" v="-57.2093"/>
    <tag k="ele" v="-0.3181"/>
  </node>
  <node id="9154" lat="" lon="">
    <tag k="mgrs_code" v="99XXX0-10-1"/>
    <tag k="local_x" v="-65.1654"/>
    <tag k="local_y" v="-57.1673"/>
    <tag k="ele" v="-0.3114"/>
  </node>
  <node id="9155" lat="" lon="">
    <tag k="mgrs_code" v="99XXX0-10-1"/>
    <tag k="local_x" v="-67.2824"/>
    <tag k="local_y" v="-57.1557"/>
    <tag k="ele" v="-0.3067"/>
  </node>
  <node id="9156" lat="" lon="">
    <tag k="mgrs_code" v="99XXX0-10-1"/>
    <tag k="local_x" v="-68.9639"/>
    <tag k="local_y" v="-57.9458"/>
    <tag k="ele" v="-0.2775"/>
  </node>
  <node id="9157" lat="" lon="">
    <tag k="mgrs_code" v="99XXX0-10-1"/>
    <tag k="local_x" v="-70.0041"/>
    <tag k="local_y" v="-59.859"/>
    <tag k="ele" v="-0.1843"/>
  </node>
  <node id="9158" lat="" lon="">
    <tag k="mgrs_code" v="99XXX0-10-1"/>
    <tag k="local_x" v="-70.5122"/>
    <tag k="local_y" v="-61.623"/>
    <tag k="ele" v="-0.2049"/>
  </node>
  <node id="9215" lat="" lon="">
    <tag k="mgrs_code" v="99XXX0-10-1"/>
    <tag k="local_x" v="-65.0477"/>
    <tag k="local_y" v="-65.3242"/>
    <tag k="ele" v="-0.1932"/>
  </node>
  <node id="9216" lat="" lon="">
    <tag k="mgrs_code" v="99XXX0-10-1"/>
    <tag k="local_x" v="-64.2803"/>
    <tag k="local_y" v="-64.2393"/>
    <tag k="ele" v="-0.3077"/>
  </node>
  <node id="9218" lat="" lon="">
    <tag k="mgrs_code" v="99XXX0-10-1"/>
    <tag k="local_x" v="-63.4336"/>
    <tag k="local_y" v="-63.6042"/>
    <tag k="ele" v="-0.1675"/>
  </node>
  <node id="9219" lat="" lon="">
    <tag k="mgrs_code" v="99XXX0-10-1"/>
    <tag k="local_x" v="-62.5339"/>
    <tag k="local_y" v="-63.1015"/>
    <tag k="ele" v="-0.2486"/>
  </node>
  <node id="9220" lat="" lon="">
    <tag k="mgrs_code" v="99XXX0-10-1"/>
    <tag k="local_x" v="-61.5019"/>
    <tag k="local_y" v="-62.9162"/>
    <tag k="ele" v="-0.1878"/>
  </node>
  <node id="9221" lat="" lon="">
    <tag k="mgrs_code" v="99XXX0-10-1"/>
    <tag k="local_x" v="-60.7346"/>
    <tag k="local_y" v="-62.731"/>
    <tag k="ele" v="-0.2209"/>
  </node>
  <node id="9222" lat="" lon="">
    <tag k="mgrs_code" v="99XXX0-10-1"/>
    <tag k="local_x" v="-67.9584"/>
    <tag k="local_y" v="-65.1389"/>
    <tag k="ele" v="-0.0896"/>
  </node>
  <node id="9223" lat="" lon="">
    <tag k="mgrs_code" v="99XXX0-10-1"/>
    <tag k="local_x" v="-67.8525"/>
    <tag k="local_y" v="-63.6836"/>
    <tag k="ele" v="-0.1248"/>
  </node>
  <node id="9225" lat="" lon="">
    <tag k="mgrs_code" v="99XXX0-10-1"/>
    <tag k="local_x" v="-67.6408"/>
    <tag k="local_y" v="-62.1753"/>
    <tag k="ele" v="-0.1485"/>
  </node>
  <node id="9226" lat="" lon="">
    <tag k="mgrs_code" v="99XXX0-10-1"/>
    <tag k="local_x" v="-67.0852"/>
    <tag k="local_y" v="-61.1963"/>
    <tag k="ele" v="-0.1808"/>
  </node>
  <node id="9227" lat="" lon="">
    <tag k="mgrs_code" v="99XXX0-10-1"/>
    <tag k="local_x" v="-65.7092"/>
    <tag k="local_y" v="-60.2172"/>
    <tag k="ele" v="-0.2248"/>
  </node>
  <node id="9228" lat="" lon="">
    <tag k="mgrs_code" v="99XXX0-10-1"/>
    <tag k="local_x" v="-64.5449"/>
    <tag k="local_y" v="-59.9526"/>
    <tag k="ele" v="-0.2315"/>
  </node>
  <node id="9229" lat="" lon="">
    <tag k="mgrs_code" v="99XXX0-10-1"/>
    <tag k="local_x" v="-63.804"/>
    <tag k="local_y" v="-59.9262"/>
    <tag k="ele" v="-0.2262"/>
  </node>
  <node id="9237" lat="" lon="">
    <tag k="mgrs_code" v="99XXX0-10-1"/>
    <tag k="local_x" v="-61.3916"/>
    <tag k="local_y" v="-75.8382"/>
    <tag k="ele" v="0.2476"/>
  </node>
  <node id="9238" lat="" lon="">
    <tag k="mgrs_code" v="99XXX0-10-1"/>
    <tag k="local_x" v="-62.6827"/>
    <tag k="local_y" v="-75.6578"/>
    <tag k="ele" v="0.235"/>
  </node>
  <node id="9240" lat="" lon="">
    <tag k="mgrs_code" v="99XXX0-10-1"/>
    <tag k="local_x" v="-63.8273"/>
    <tag k="local_y" v="-75.1166"/>
    <tag k="ele" v="0.2066"/>
  </node>
  <node id="9241" lat="" lon="">
    <tag k="mgrs_code" v="99XXX0-10-1"/>
    <tag k="local_x" v="-64.7725"/>
    <tag k="local_y" v="-74.369"/>
    <tag k="ele" v="0.1714"/>
  </node>
  <node id="9242" lat="" lon="">
    <tag k="mgrs_code" v="99XXX0-10-1"/>
    <tag k="local_x" v="-65.187"/>
    <tag k="local_y" v="-73.5011"/>
    <tag k="ele" v="0.1437"/>
  </node>
  <node id="9243" lat="" lon="">
    <tag k="mgrs_code" v="99XXX0-10-1"/>
    <tag k="local_x" v="-61.6777"/>
    <tag k="local_y" v="-78.8832"/>
    <tag k="ele" v="0.2224"/>
  </node>
  <node id="9244" lat="" lon="">
    <tag k="mgrs_code" v="99XXX0-10-1"/>
    <tag k="local_x" v="-63.6356"/>
    <tag k="local_y" v="-78.8156"/>
    <tag k="ele" v="0.0957"/>
  </node>
  <node id="9246" lat="" lon="">
    <tag k="mgrs_code" v="99XXX0-10-1"/>
    <tag k="local_x" v="-65.4444"/>
    <tag k="local_y" v="-78.8185"/>
    <tag k="ele" v="0.2865"/>
  </node>
  <node id="9247" lat="" lon="">
    <tag k="mgrs_code" v="99XXX0-10-1"/>
    <tag k="local_x" v="-67.1539"/>
    <tag k="local_y" v="-78.3024"/>
    <tag k="ele" v="0.2824"/>
  </node>
  <node id="9248" lat="" lon="">
    <tag k="mgrs_code" v="99XXX0-10-1"/>
    <tag k="local_x" v="-67.8825"/>
    <tag k="local_y" v="-77.0633"/>
    <tag k="ele" v="0.2545"/>
  </node>
  <node id="9249" lat="" lon="">
    <tag k="mgrs_code" v="99XXX0-10-1"/>
    <tag k="local_x" v="-68.3476"/>
    <tag k="local_y" v="-75.3601"/>
    <tag k="ele" v="0.2011"/>
  </node>
  <node id="9257" lat="" lon="">
    <tag k="mgrs_code" v="99XXX0-10-1"/>
    <tag k="local_x" v="-67.9753"/>
    <tag k="local_y" v="-73.5016"/>
    <tag k="ele" v="0.1092"/>
  </node>
  <node id="9258" lat="" lon="">
    <tag k="mgrs_code" v="99XXX0-10-1"/>
    <tag k="local_x" v="-66.8086"/>
    <tag k="local_y" v="-75.4016"/>
    <tag k="ele" v="0.192"/>
  </node>
  <node id="9260" lat="" lon="">
    <tag k="mgrs_code" v="99XXX0-10-1"/>
    <tag k="local_x" v="-64.6988"/>
    <tag k="local_y" v="-77.1097"/>
    <tag k="ele" v="0.2374"/>
  </node>
  <node id="9261" lat="" lon="">
    <tag k="mgrs_code" v="99XXX0-10-1"/>
    <tag k="local_x" v="-63.2389"/>
    <tag k="local_y" v="-78.3781"/>
    <tag k="ele" v="0.2456"/>
  </node>
  <node id="9262" lat="" lon="">
    <tag k="mgrs_code" v="99XXX0-10-1"/>
    <tag k="local_x" v="-62.1679"/>
    <tag k="local_y" v="-78.914"/>
    <tag k="ele" v="0.2224"/>
  </node>
  <node id="9263" lat="" lon="">
    <tag k="mgrs_code" v="99XXX0-10-1"/>
    <tag k="local_x" v="-70.4885"/>
    <tag k="local_y" v="-73.629"/>
    <tag k="ele" v="0.1547"/>
  </node>
  <node id="9264" lat="" lon="">
    <tag k="mgrs_code" v="99XXX0-10-1"/>
    <tag k="local_x" v="-70.4665"/>
    <tag k="local_y" v="-76.7876"/>
    <tag k="ele" v="0.2372"/>
  </node>
  <node id="9266" lat="" lon="">
    <tag k="mgrs_code" v="99XXX0-10-1"/>
    <tag k="local_x" v="-70.4536"/>
    <tag k="local_y" v="-79.5754"/>
    <tag k="ele" v="0.3106"/>
  </node>
  <node id="9267" lat="" lon="">
    <tag k="mgrs_code" v="99XXX0-10-1"/>
    <tag k="local_x" v="-69.3966"/>
    <tag k="local_y" v="-81.1916"/>
    <tag k="ele" v="0.2168"/>
  </node>
  <node id="9268" lat="" lon="">
    <tag k="mgrs_code" v="99XXX0-10-1"/>
    <tag k="local_x" v="-67.4604"/>
    <tag k="local_y" v="-81.508"/>
    <tag k="ele" v="0.359"/>
  </node>
  <node id="9269" lat="" lon="">
    <tag k="mgrs_code" v="99XXX0-10-1"/>
    <tag k="local_x" v="-63.1483"/>
    <tag k="local_y" v="-81.4909"/>
    <tag k="ele" v="0.3512"/>
  </node>
  <node id="9336" lat="" lon="">
    <tag k="mgrs_code" v="99XXX0-10-1"/>
    <tag k="local_x" v="-21.2206"/>
    <tag k="local_y" v="-73.6501"/>
    <tag k="ele" v="0.6129"/>
  </node>
  <node id="9337" lat="" lon="">
    <tag k="mgrs_code" v="99XXX0-10-1"/>
    <tag k="local_x" v="-21.652"/>
    <tag k="local_y" v="-74.5413"/>
    <tag k="ele" v="0.6386"/>
  </node>
  <node id="9339" lat="" lon="">
    <tag k="mgrs_code" v="99XXX0-10-1"/>
    <tag k="local_x" v="-22.0909"/>
    <tag k="local_y" v="-75.2267"/>
    <tag k="ele" v="0.6481"/>
  </node>
  <node id="9340" lat="" lon="">
    <tag k="mgrs_code" v="99XXX0-10-1"/>
    <tag k="local_x" v="-22.888"/>
    <tag k="local_y" v="-75.9765"/>
    <tag k="ele" v="0.6568"/>
  </node>
  <node id="9341" lat="" lon="">
    <tag k="mgrs_code" v="99XXX0-10-1"/>
    <tag k="local_x" v="-23.8946"/>
    <tag k="local_y" v="-76.6309"/>
    <tag k="ele" v="0.6465"/>
  </node>
  <node id="9342" lat="" lon="">
    <tag k="mgrs_code" v="99XXX0-10-1"/>
    <tag k="local_x" v="-24.6662"/>
    <tag k="local_y" v="-76.6587"/>
    <tag k="ele" v="0.6404"/>
  </node>
  <node id="9343" lat="" lon="">
    <tag k="mgrs_code" v="99XXX0-10-1"/>
    <tag k="local_x" v="-18.2758"/>
    <tag k="local_y" v="-73.8051"/>
    <tag k="ele" v="0.618"/>
  </node>
  <node id="9344" lat="" lon="">
    <tag k="mgrs_code" v="99XXX0-10-1"/>
    <tag k="local_x" v="-18.365"/>
    <tag k="local_y" v="-76.175"/>
    <tag k="ele" v="0.6704"/>
  </node>
  <node id="9346" lat="" lon="">
    <tag k="mgrs_code" v="99XXX0-10-1"/>
    <tag k="local_x" v="-18.7502"/>
    <tag k="local_y" v="-77.8727"/>
    <tag k="ele" v="0.7202"/>
  </node>
  <node id="9347" lat="" lon="">
    <tag k="mgrs_code" v="99XXX0-10-1"/>
    <tag k="local_x" v="-19.4334"/>
    <tag k="local_y" v="-79.0804"/>
    <tag k="ele" v="0.7449"/>
  </node>
  <node id="9348" lat="" lon="">
    <tag k="mgrs_code" v="99XXX0-10-1"/>
    <tag k="local_x" v="-20.4741"/>
    <tag k="local_y" v="-79.6758"/>
    <tag k="ele" v="0.7506"/>
  </node>
  <node id="9349" lat="" lon="">
    <tag k="mgrs_code" v="99XXX0-10-1"/>
    <tag k="local_x" v="-22.1153"/>
    <tag k="local_y" v="-79.6561"/>
    <tag k="ele" v="0.718"/>
  </node>
  <node id="9350" lat="" lon="">
    <tag k="mgrs_code" v="99XXX0-10-1"/>
    <tag k="local_x" v="-23.5742"/>
    <tag k="local_y" v="-79.6386"/>
    <tag k="ele" v="0.6992"/>
  </node>
  <node id="9358" lat="" lon="">
    <tag k="mgrs_code" v="99XXX0-10-1"/>
    <tag k="local_x" v="-24.896"/>
    <tag k="local_y" v="-79.6429"/>
    <tag k="ele" v="0.6803"/>
  </node>
  <node id="9359" lat="" lon="">
    <tag k="mgrs_code" v="99XXX0-10-1"/>
    <tag k="local_x" v="-22.1887"/>
    <tag k="local_y" v="-78.3619"/>
    <tag k="ele" v="0.6945"/>
  </node>
  <node id="9361" lat="" lon="">
    <tag k="mgrs_code" v="99XXX0-10-1"/>
    <tag k="local_x" v="-19.5699"/>
    <tag k="local_y" v="-76.0506"/>
    <tag k="ele" v="0.6706"/>
  </node>
  <node id="9362" lat="" lon="">
    <tag k="mgrs_code" v="99XXX0-10-1"/>
    <tag k="local_x" v="-18.2855"/>
    <tag k="local_y" v="-74.3973"/>
    <tag k="ele" v="0.6268"/>
  </node>
  <node id="9363" lat="" lon="">
    <tag k="mgrs_code" v="99XXX0-10-1"/>
    <tag k="local_x" v="-24.5733"/>
    <tag k="local_y" v="-82.3982"/>
    <tag k="ele" v="0.7483"/>
  </node>
  <node id="9364" lat="" lon="">
    <tag k="mgrs_code" v="99XXX0-10-1"/>
    <tag k="local_x" v="-21.5802"/>
    <tag k="local_y" v="-82.3962"/>
    <tag k="ele" v="0.7738"/>
  </node>
  <node id="9366" lat="" lon="">
    <tag k="mgrs_code" v="99XXX0-10-1"/>
    <tag k="local_x" v="-19.0645"/>
    <tag k="local_y" v="-82.455"/>
    <tag k="ele" v="0.801"/>
  </node>
  <node id="9367" lat="" lon="">
    <tag k="mgrs_code" v="99XXX0-10-1"/>
    <tag k="local_x" v="-15.7011"/>
    <tag k="local_y" v="-82.4713"/>
    <tag k="ele" v="0.4585"/>
  </node>
  <node id="9368" lat="" lon="">
    <tag k="mgrs_code" v="99XXX0-10-1"/>
    <tag k="local_x" v="-15.4694"/>
    <tag k="local_y" v="-73.8129"/>
    <tag k="ele" v="0.6105"/>
  </node>
  <node id="9441" lat="" lon="">
    <tag k="mgrs_code" v="99XXX0-10-1"/>
    <tag k="local_x" v="-25.0793"/>
    <tag k="local_y" v="-63.6712"/>
    <tag k="ele" v="0.3013"/>
  </node>
  <node id="9442" lat="" lon="">
    <tag k="mgrs_code" v="99XXX0-10-1"/>
    <tag k="local_x" v="-23.5432"/>
    <tag k="local_y" v="-63.9248"/>
    <tag k="ele" v="0.3412"/>
  </node>
  <node id="9444" lat="" lon="">
    <tag k="mgrs_code" v="99XXX0-10-1"/>
    <tag k="local_x" v="-22.694"/>
    <tag k="local_y" v="-64.2221"/>
    <tag k="ele" v="0.3583"/>
  </node>
  <node id="9445" lat="" lon="">
    <tag k="mgrs_code" v="99XXX0-10-1"/>
    <tag k="local_x" v="-22.1231"/>
    <tag k="local_y" v="-64.6806"/>
    <tag k="ele" v="0.3783"/>
  </node>
  <node id="9446" lat="" lon="">
    <tag k="mgrs_code" v="99XXX0-10-1"/>
    <tag k="local_x" v="-21.4524"/>
    <tag k="local_y" v="-65.4812"/>
    <tag k="ele" v="0.3964"/>
  </node>
  <node id="9447" lat="" lon="">
    <tag k="mgrs_code" v="99XXX0-10-1"/>
    <tag k="local_x" v="-21.0395"/>
    <tag k="local_y" v="-66.1926"/>
    <tag k="ele" v="0.427"/>
  </node>
  <node id="9448" lat="" lon="">
    <tag k="mgrs_code" v="99XXX0-10-1"/>
    <tag k="local_x" v="-24.8203"/>
    <tag k="local_y" v="-60.6973"/>
    <tag k="ele" v="0.2392"/>
  </node>
  <node id="9449" lat="" lon="">
    <tag k="mgrs_code" v="99XXX0-10-1"/>
    <tag k="local_x" v="-22.0696"/>
    <tag k="local_y" v="-60.7103"/>
    <tag k="ele" v="0.2589"/>
  </node>
  <node id="9451" lat="" lon="">
    <tag k="mgrs_code" v="99XXX0-10-1"/>
    <tag k="local_x" v="-20.0331"/>
    <tag k="local_y" v="-60.9861"/>
    <tag k="ele" v="0.2862"/>
  </node>
  <node id="9452" lat="" lon="">
    <tag k="mgrs_code" v="99XXX0-10-1"/>
    <tag k="local_x" v="-18.3535"/>
    <tag k="local_y" v="-62.2686"/>
    <tag k="ele" v="0.3416"/>
  </node>
  <node id="9453" lat="" lon="">
    <tag k="mgrs_code" v="99XXX0-10-1"/>
    <tag k="local_x" v="-17.9242"/>
    <tag k="local_y" v="-63.5423"/>
    <tag k="ele" v="0.3579"/>
  </node>
  <node id="9501" lat="" lon="">
    <tag k="mgrs_code" v="99XXX0-10-1"/>
    <tag k="local_x" v="-24.5607"/>
    <tag k="local_y" v="-60.6809"/>
    <tag k="ele" v="0.2409"/>
  </node>
  <node id="9502" lat="" lon="">
    <tag k="mgrs_code" v="99XXX0-10-1"/>
    <tag k="local_x" v="-21.5468"/>
    <tag k="local_y" v="-59.9622"/>
    <tag k="ele" v="0.2359"/>
  </node>
  <node id="9504" lat="" lon="">
    <tag k="mgrs_code" v="99XXX0-10-1"/>
    <tag k="local_x" v="-19.4379"/>
    <tag k="local_y" v="-58.1894"/>
    <tag k="ele" v="0.2196"/>
  </node>
  <node id="9505" lat="" lon="">
    <tag k="mgrs_code" v="99XXX0-10-1"/>
    <tag k="local_x" v="-17.9246"/>
    <tag k="local_y" v="-56.1319"/>
    <tag k="ele" v="0.1918"/>
  </node>
  <node id="9506" lat="" lon="">
    <tag k="mgrs_code" v="99XXX0-10-1"/>
    <tag k="local_x" v="-17.8595"/>
    <tag k="local_y" v="-55.6509"/>
    <tag k="ele" v="0.1794"/>
  </node>
  <node id="9507" lat="" lon="">
    <tag k="mgrs_code" v="99XXX0-10-1"/>
    <tag k="local_x" v="-25.0274"/>
    <tag k="local_y" v="-63.4577"/>
    <tag k="ele" v="0.2954"/>
  </node>
  <node id="9508" lat="" lon="">
    <tag k="mgrs_code" v="99XXX0-10-1"/>
    <tag k="local_x" v="-15.2416"/>
    <tag k="local_y" v="-63.6875"/>
    <tag k="ele" v="0.4128"/>
  </node>
  <node id="9510" lat="" lon="">
    <tag k="mgrs_code" v="99XXX0-10-1"/>
    <tag k="local_x" v="-15.0082"/>
    <tag k="local_y" v="-56.1532"/>
    <tag k="ele" v="0.1971"/>
  </node>
  <node id="9563" lat="" lon="">
    <tag k="mgrs_code" v="99XXX0-10-1"/>
    <tag k="local_x" v="-20.8381"/>
    <tag k="local_y" v="-55.0099"/>
    <tag k="ele" v="0.1629"/>
  </node>
  <node id="9564" lat="" lon="">
    <tag k="mgrs_code" v="99XXX0-10-1"/>
    <tag k="local_x" v="-21.4042"/>
    <tag k="local_y" v="-56.3176"/>
    <tag k="ele" v="0.1744"/>
  </node>
  <node id="9566" lat="" lon="">
    <tag k="mgrs_code" v="99XXX0-10-1"/>
    <tag k="local_x" v="-22.084"/>
    <tag k="local_y" v="-56.9604"/>
    <tag k="ele" v="0.1786"/>
  </node>
  <node id="9567" lat="" lon="">
    <tag k="mgrs_code" v="99XXX0-10-1"/>
    <tag k="local_x" v="-22.6483"/>
    <tag k="local_y" v="-57.2622"/>
    <tag k="ele" v="0.1877"/>
  </node>
  <node id="9568" lat="" lon="">
    <tag k="mgrs_code" v="99XXX0-10-1"/>
    <tag k="local_x" v="-23.3449"/>
    <tag k="local_y" v="-57.5603"/>
    <tag k="ele" v="0.1952"/>
  </node>
  <node id="9569" lat="" lon="">
    <tag k="mgrs_code" v="99XXX0-10-1"/>
    <tag k="local_x" v="-24.2002"/>
    <tag k="local_y" v="-57.854"/>
    <tag k="ele" v="0.2"/>
  </node>
  <node id="9570" lat="" lon="">
    <tag k="mgrs_code" v="99XXX0-10-1"/>
    <tag k="local_x" v="-24.6786"/>
    <tag k="local_y" v="-57.92"/>
    <tag k="ele" v="0.1995"/>
  </node>
  <node id="9571" lat="" lon="">
    <tag k="mgrs_code" v="99XXX0-10-1"/>
    <tag k="local_x" v="-17.8037"/>
    <tag k="local_y" v="-55.3597"/>
    <tag k="ele" v="0.1748"/>
  </node>
  <node id="9572" lat="" lon="">
    <tag k="mgrs_code" v="99XXX0-10-1"/>
    <tag k="local_x" v="-17.8257"/>
    <tag k="local_y" v="-60.8651"/>
    <tag k="ele" v="0.3197"/>
  </node>
  <node id="9574" lat="" lon="">
    <tag k="mgrs_code" v="99XXX0-10-1"/>
    <tag k="local_x" v="-23.5382"/>
    <tag k="local_y" v="-60.6785"/>
    <tag k="ele" v="0.2498"/>
  </node>
  <node id="9582" lat="" lon="">
    <tag k="mgrs_code" v="99XXX0-10-1"/>
    <tag k="local_x" v="-17.8071"/>
    <tag k="local_y" v="-59.6103"/>
    <tag k="ele" v="0.2335"/>
  </node>
  <node id="9583" lat="" lon="">
    <tag k="mgrs_code" v="99XXX0-10-1"/>
    <tag k="local_x" v="-17.8138"/>
    <tag k="local_y" v="-60.1038"/>
    <tag k="ele" v="0.2335"/>
  </node>
  <node id="9584" lat="" lon="">
    <tag k="mgrs_code" v="99XXX0-10-1"/>
    <tag k="local_x" v="-17.821"/>
    <tag k="local_y" v="-60.5983"/>
    <tag k="ele" v="0.2335"/>
  </node>
  <node id="9585" lat="" lon="">
    <tag k="mgrs_code" v="99XXX0-10-1"/>
    <tag k="local_x" v="-17.829"/>
    <tag k="local_y" v="-61.0928"/>
    <tag k="ele" v="0.2335"/>
  </node>
  <node id="9586" lat="" lon="">
    <tag k="mgrs_code" v="99XXX0-10-1"/>
    <tag k="local_x" v="-17.8375"/>
    <tag k="local_y" v="-61.5872"/>
    <tag k="ele" v="0.2335"/>
  </node>
  <node id="9587" lat="" lon="">
    <tag k="mgrs_code" v="99XXX0-10-1"/>
    <tag k="local_x" v="-17.8468"/>
    <tag k="local_y" v="-62.0816"/>
    <tag k="ele" v="0.2335"/>
  </node>
  <node id="9588" lat="" lon="">
    <tag k="mgrs_code" v="99XXX0-10-1"/>
    <tag k="local_x" v="-17.8566"/>
    <tag k="local_y" v="-62.576"/>
    <tag k="ele" v="0.2335"/>
  </node>
  <node id="9589" lat="" lon="">
    <tag k="mgrs_code" v="99XXX0-10-1"/>
    <tag k="local_x" v="-17.8672"/>
    <tag k="local_y" v="-63.0705"/>
    <tag k="ele" v="0.2335"/>
  </node>
  <node id="9590" lat="" lon="">
    <tag k="mgrs_code" v="99XXX0-10-1"/>
    <tag k="local_x" v="-17.8783"/>
    <tag k="local_y" v="-63.5648"/>
    <tag k="ele" v="0.2335"/>
  </node>
  <node id="9591" lat="" lon="">
    <tag k="mgrs_code" v="99XXX0-10-1"/>
    <tag k="local_x" v="-17.8902"/>
    <tag k="local_y" v="-64.0592"/>
    <tag k="ele" v="0.2335"/>
  </node>
  <node id="9592" lat="" lon="">
    <tag k="mgrs_code" v="99XXX0-10-1"/>
    <tag k="local_x" v="-17.9026"/>
    <tag k="local_y" v="-64.5536"/>
    <tag k="ele" v="0.2335"/>
  </node>
  <node id="9593" lat="" lon="">
    <tag k="mgrs_code" v="99XXX0-10-1"/>
    <tag k="local_x" v="-17.9158"/>
    <tag k="local_y" v="-65.0479"/>
    <tag k="ele" v="0.2335"/>
  </node>
  <node id="9594" lat="" lon="">
    <tag k="mgrs_code" v="99XXX0-10-1"/>
    <tag k="local_x" v="-17.9295"/>
    <tag k="local_y" v="-65.5422"/>
    <tag k="ele" v="0.2335"/>
  </node>
  <node id="9595" lat="" lon="">
    <tag k="mgrs_code" v="99XXX0-10-1"/>
    <tag k="local_x" v="-17.944"/>
    <tag k="local_y" v="-66.0365"/>
    <tag k="ele" v="0.2335"/>
  </node>
  <node id="9596" lat="" lon="">
    <tag k="mgrs_code" v="99XXX0-10-1"/>
    <tag k="local_x" v="-17.959"/>
    <tag k="local_y" v="-66.5299"/>
    <tag k="ele" v="0.2335"/>
  </node>
  <node id="9597" lat="" lon="">
    <tag k="mgrs_code" v="99XXX0-10-1"/>
    <tag k="local_x" v="-20.6284"/>
    <tag k="local_y" v="-59.5738"/>
    <tag k="ele" v="0.2335"/>
  </node>
  <node id="9598" lat="" lon="">
    <tag k="mgrs_code" v="99XXX0-10-1"/>
    <tag k="local_x" v="-20.6346"/>
    <tag k="local_y" v="-60.0655"/>
    <tag k="ele" v="0.2335"/>
  </node>
  <node id="9599" lat="" lon="">
    <tag k="mgrs_code" v="99XXX0-10-1"/>
    <tag k="local_x" v="-20.6414"/>
    <tag k="local_y" v="-60.5562"/>
    <tag k="ele" v="0.2335"/>
  </node>
  <node id="9600" lat="" lon="">
    <tag k="mgrs_code" v="99XXX0-10-1"/>
    <tag k="local_x" v="-20.6488"/>
    <tag k="local_y" v="-61.047"/>
    <tag k="ele" v="0.2335"/>
  </node>
  <node id="9601" lat="" lon="">
    <tag k="mgrs_code" v="99XXX0-10-1"/>
    <tag k="local_x" v="-20.6569"/>
    <tag k="local_y" v="-61.5377"/>
    <tag k="ele" v="0.2335"/>
  </node>
  <node id="9602" lat="" lon="">
    <tag k="mgrs_code" v="99XXX0-10-1"/>
    <tag k="local_x" v="-20.6656"/>
    <tag k="local_y" v="-62.0284"/>
    <tag k="ele" v="0.2335"/>
  </node>
  <node id="9603" lat="" lon="">
    <tag k="mgrs_code" v="99XXX0-10-1"/>
    <tag k="local_x" v="-20.6749"/>
    <tag k="local_y" v="-62.5192"/>
    <tag k="ele" v="0.2335"/>
  </node>
  <node id="9604" lat="" lon="">
    <tag k="mgrs_code" v="99XXX0-10-1"/>
    <tag k="local_x" v="-20.6849"/>
    <tag k="local_y" v="-63.0099"/>
    <tag k="ele" v="0.2335"/>
  </node>
  <node id="9605" lat="" lon="">
    <tag k="mgrs_code" v="99XXX0-10-1"/>
    <tag k="local_x" v="-20.6956"/>
    <tag k="local_y" v="-63.5006"/>
    <tag k="ele" v="0.2335"/>
  </node>
  <node id="9606" lat="" lon="">
    <tag k="mgrs_code" v="99XXX0-10-1"/>
    <tag k="local_x" v="-20.7069"/>
    <tag k="local_y" v="-63.9913"/>
    <tag k="ele" v="0.2335"/>
  </node>
  <node id="9607" lat="" lon="">
    <tag k="mgrs_code" v="99XXX0-10-1"/>
    <tag k="local_x" v="-20.7188"/>
    <tag k="local_y" v="-64.4819"/>
    <tag k="ele" v="0.2335"/>
  </node>
  <node id="9608" lat="" lon="">
    <tag k="mgrs_code" v="99XXX0-10-1"/>
    <tag k="local_x" v="-20.7314"/>
    <tag k="local_y" v="-64.9726"/>
    <tag k="ele" v="0.2335"/>
  </node>
  <node id="9609" lat="" lon="">
    <tag k="mgrs_code" v="99XXX0-10-1"/>
    <tag k="local_x" v="-20.7446"/>
    <tag k="local_y" v="-65.4632"/>
    <tag k="ele" v="0.2335"/>
  </node>
  <node id="9610" lat="" lon="">
    <tag k="mgrs_code" v="99XXX0-10-1"/>
    <tag k="local_x" v="-20.7585"/>
    <tag k="local_y" v="-65.9538"/>
    <tag k="ele" v="0.2335"/>
  </node>
  <node id="9611" lat="" lon="">
    <tag k="mgrs_code" v="99XXX0-10-1"/>
    <tag k="local_x" v="-20.773"/>
    <tag k="local_y" v="-66.4454"/>
    <tag k="ele" v="0.2335"/>
  </node>
  <node id="9615" lat="" lon="">
    <tag k="mgrs_code" v="99XXX0-10-1"/>
    <tag k="local_x" v="-17.9622"/>
    <tag k="local_y" v="-66.5667"/>
    <tag k="ele" v="0.4364"/>
  </node>
  <node id="9616" lat="" lon="">
    <tag k="mgrs_code" v="99XXX0-10-1"/>
    <tag k="local_x" v="-17.9491"/>
    <tag k="local_y" v="-66.0782"/>
    <tag k="ele" v="0.4364"/>
  </node>
  <node id="9617" lat="" lon="">
    <tag k="mgrs_code" v="99XXX0-10-1"/>
    <tag k="local_x" v="-17.9364"/>
    <tag k="local_y" v="-65.5903"/>
    <tag k="ele" v="0.4364"/>
  </node>
  <node id="9618" lat="" lon="">
    <tag k="mgrs_code" v="99XXX0-10-1"/>
    <tag k="local_x" v="-17.9241"/>
    <tag k="local_y" v="-65.1024"/>
    <tag k="ele" v="0.4364"/>
  </node>
  <node id="9619" lat="" lon="">
    <tag k="mgrs_code" v="99XXX0-10-1"/>
    <tag k="local_x" v="-17.9123"/>
    <tag k="local_y" v="-64.6145"/>
    <tag k="ele" v="0.4364"/>
  </node>
  <node id="9620" lat="" lon="">
    <tag k="mgrs_code" v="99XXX0-10-1"/>
    <tag k="local_x" v="-17.9009"/>
    <tag k="local_y" v="-64.1266"/>
    <tag k="ele" v="0.4364"/>
  </node>
  <node id="9621" lat="" lon="">
    <tag k="mgrs_code" v="99XXX0-10-1"/>
    <tag k="local_x" v="-17.89"/>
    <tag k="local_y" v="-63.6387"/>
    <tag k="ele" v="0.4364"/>
  </node>
  <node id="9622" lat="" lon="">
    <tag k="mgrs_code" v="99XXX0-10-1"/>
    <tag k="local_x" v="-17.8795"/>
    <tag k="local_y" v="-63.1508"/>
    <tag k="ele" v="0.4364"/>
  </node>
  <node id="9623" lat="" lon="">
    <tag k="mgrs_code" v="99XXX0-10-1"/>
    <tag k="local_x" v="-17.8695"/>
    <tag k="local_y" v="-62.6629"/>
    <tag k="ele" v="0.4364"/>
  </node>
  <node id="9624" lat="" lon="">
    <tag k="mgrs_code" v="99XXX0-10-1"/>
    <tag k="local_x" v="-17.8599"/>
    <tag k="local_y" v="-62.175"/>
    <tag k="ele" v="0.4364"/>
  </node>
  <node id="9625" lat="" lon="">
    <tag k="mgrs_code" v="99XXX0-10-1"/>
    <tag k="local_x" v="-17.8508"/>
    <tag k="local_y" v="-61.687"/>
    <tag k="ele" v="0.4364"/>
  </node>
  <node id="9626" lat="" lon="">
    <tag k="mgrs_code" v="99XXX0-10-1"/>
    <tag k="local_x" v="-17.8421"/>
    <tag k="local_y" v="-61.1991"/>
    <tag k="ele" v="0.4364"/>
  </node>
  <node id="9627" lat="" lon="">
    <tag k="mgrs_code" v="99XXX0-10-1"/>
    <tag k="local_x" v="-17.8339"/>
    <tag k="local_y" v="-60.7111"/>
    <tag k="ele" v="0.4364"/>
  </node>
  <node id="9628" lat="" lon="">
    <tag k="mgrs_code" v="99XXX0-10-1"/>
    <tag k="local_x" v="-17.8261"/>
    <tag k="local_y" v="-60.2232"/>
    <tag k="ele" v="0.4364"/>
  </node>
  <node id="9629" lat="" lon="">
    <tag k="mgrs_code" v="99XXX0-10-1"/>
    <tag k="local_x" v="-17.8187"/>
    <tag k="local_y" v="-59.7352"/>
    <tag k="ele" v="0.4364"/>
  </node>
  <node id="9630" lat="" lon="">
    <tag k="mgrs_code" v="99XXX0-10-1"/>
    <tag k="local_x" v="-17.8118"/>
    <tag k="local_y" v="-59.2472"/>
    <tag k="ele" v="0.4364"/>
  </node>
  <node id="9631" lat="" lon="">
    <tag k="mgrs_code" v="99XXX0-10-1"/>
    <tag k="local_x" v="-17.8054"/>
    <tag k="local_y" v="-58.7593"/>
    <tag k="ele" v="0.4364"/>
  </node>
  <node id="9632" lat="" lon="">
    <tag k="mgrs_code" v="99XXX0-10-1"/>
    <tag k="local_x" v="-17.7994"/>
    <tag k="local_y" v="-58.2713"/>
    <tag k="ele" v="0.4364"/>
  </node>
  <node id="9633" lat="" lon="">
    <tag k="mgrs_code" v="99XXX0-10-1"/>
    <tag k="local_x" v="-17.7938"/>
    <tag k="local_y" v="-57.7833"/>
    <tag k="ele" v="0.4364"/>
  </node>
  <node id="9634" lat="" lon="">
    <tag k="mgrs_code" v="99XXX0-10-1"/>
    <tag k="local_x" v="-17.7887"/>
    <tag k="local_y" v="-57.2953"/>
    <tag k="ele" v="0.4364"/>
  </node>
  <node id="9635" lat="" lon="">
    <tag k="mgrs_code" v="99XXX0-10-1"/>
    <tag k="local_x" v="-17.784"/>
    <tag k="local_y" v="-56.8073"/>
    <tag k="ele" v="0.4364"/>
  </node>
  <node id="9636" lat="" lon="">
    <tag k="mgrs_code" v="99XXX0-10-1"/>
    <tag k="local_x" v="-17.7798"/>
    <tag k="local_y" v="-56.3187"/>
    <tag k="ele" v="0.4364"/>
  </node>
  <node id="9637" lat="" lon="">
    <tag k="mgrs_code" v="99XXX0-10-1"/>
    <tag k="local_x" v="-15.1727"/>
    <tag k="local_y" v="-66.6522"/>
    <tag k="ele" v="0.4364"/>
  </node>
  <node id="9638" lat="" lon="">
    <tag k="mgrs_code" v="99XXX0-10-1"/>
    <tag k="local_x" v="-15.1559"/>
    <tag k="local_y" v="-66.1625"/>
    <tag k="ele" v="0.4364"/>
  </node>
  <node id="9639" lat="" lon="">
    <tag k="mgrs_code" v="99XXX0-10-1"/>
    <tag k="local_x" v="-15.1395"/>
    <tag k="local_y" v="-65.6722"/>
    <tag k="ele" v="0.4364"/>
  </node>
  <node id="9640" lat="" lon="">
    <tag k="mgrs_code" v="99XXX0-10-1"/>
    <tag k="local_x" v="-15.1236"/>
    <tag k="local_y" v="-65.1819"/>
    <tag k="ele" v="0.4364"/>
  </node>
  <node id="9641" lat="" lon="">
    <tag k="mgrs_code" v="99XXX0-10-1"/>
    <tag k="local_x" v="-15.1081"/>
    <tag k="local_y" v="-64.6915"/>
    <tag k="ele" v="0.4364"/>
  </node>
  <node id="9642" lat="" lon="">
    <tag k="mgrs_code" v="99XXX0-10-1"/>
    <tag k="local_x" v="-15.0931"/>
    <tag k="local_y" v="-64.2011"/>
    <tag k="ele" v="0.4364"/>
  </node>
  <node id="9643" lat="" lon="">
    <tag k="mgrs_code" v="99XXX0-10-1"/>
    <tag k="local_x" v="-15.0785"/>
    <tag k="local_y" v="-63.7107"/>
    <tag k="ele" v="0.4364"/>
  </node>
  <node id="9644" lat="" lon="">
    <tag k="mgrs_code" v="99XXX0-10-1"/>
    <tag k="local_x" v="-15.0643"/>
    <tag k="local_y" v="-63.2204"/>
    <tag k="ele" v="0.4364"/>
  </node>
  <node id="9645" lat="" lon="">
    <tag k="mgrs_code" v="99XXX0-10-1"/>
    <tag k="local_x" v="-15.0506"/>
    <tag k="local_y" v="-62.7299"/>
    <tag k="ele" v="0.4364"/>
  </node>
  <node id="9646" lat="" lon="">
    <tag k="mgrs_code" v="99XXX0-10-1"/>
    <tag k="local_x" v="-15.0374"/>
    <tag k="local_y" v="-62.2395"/>
    <tag k="ele" v="0.4364"/>
  </node>
  <node id="9647" lat="" lon="">
    <tag k="mgrs_code" v="99XXX0-10-1"/>
    <tag k="local_x" v="-15.0246"/>
    <tag k="local_y" v="-61.7491"/>
    <tag k="ele" v="0.4364"/>
  </node>
  <node id="9648" lat="" lon="">
    <tag k="mgrs_code" v="99XXX0-10-1"/>
    <tag k="local_x" v="-15.0123"/>
    <tag k="local_y" v="-61.2586"/>
    <tag k="ele" v="0.4364"/>
  </node>
  <node id="9649" lat="" lon="">
    <tag k="mgrs_code" v="99XXX0-10-1"/>
    <tag k="local_x" v="-15.0004"/>
    <tag k="local_y" v="-60.7682"/>
    <tag k="ele" v="0.4364"/>
  </node>
  <node id="9650" lat="" lon="">
    <tag k="mgrs_code" v="99XXX0-10-1"/>
    <tag k="local_x" v="-14.9889"/>
    <tag k="local_y" v="-60.2777"/>
    <tag k="ele" v="0.4364"/>
  </node>
  <node id="9651" lat="" lon="">
    <tag k="mgrs_code" v="99XXX0-10-1"/>
    <tag k="local_x" v="-14.9779"/>
    <tag k="local_y" v="-59.7872"/>
    <tag k="ele" v="0.4364"/>
  </node>
  <node id="9652" lat="" lon="">
    <tag k="mgrs_code" v="99XXX0-10-1"/>
    <tag k="local_x" v="-14.9674"/>
    <tag k="local_y" v="-59.2967"/>
    <tag k="ele" v="0.4364"/>
  </node>
  <node id="9653" lat="" lon="">
    <tag k="mgrs_code" v="99XXX0-10-1"/>
    <tag k="local_x" v="-14.9573"/>
    <tag k="local_y" v="-58.8062"/>
    <tag k="ele" v="0.4364"/>
  </node>
  <node id="9654" lat="" lon="">
    <tag k="mgrs_code" v="99XXX0-10-1"/>
    <tag k="local_x" v="-14.9476"/>
    <tag k="local_y" v="-58.3156"/>
    <tag k="ele" v="0.4364"/>
  </node>
  <node id="9655" lat="" lon="">
    <tag k="mgrs_code" v="99XXX0-10-1"/>
    <tag k="local_x" v="-14.9384"/>
    <tag k="local_y" v="-57.8251"/>
    <tag k="ele" v="0.4364"/>
  </node>
  <node id="9656" lat="" lon="">
    <tag k="mgrs_code" v="99XXX0-10-1"/>
    <tag k="local_x" v="-14.9296"/>
    <tag k="local_y" v="-57.3346"/>
    <tag k="ele" v="0.4364"/>
  </node>
  <node id="9657" lat="" lon="">
    <tag k="mgrs_code" v="99XXX0-10-1"/>
    <tag k="local_x" v="-14.9213"/>
    <tag k="local_y" v="-56.844"/>
    <tag k="ele" v="0.4364"/>
  </node>
  <node id="9658" lat="" lon="">
    <tag k="mgrs_code" v="99XXX0-10-1"/>
    <tag k="local_x" v="-14.9135"/>
    <tag k="local_y" v="-56.3541"/>
    <tag k="ele" v="0.4364"/>
  </node>
  <node id="9662" lat="" lon="">
    <tag k="mgrs_code" v="99XXX0-10-1"/>
    <tag k="local_x" v="-24.6768"/>
    <tag k="local_y" v="-46.3107"/>
    <tag k="ele" v="-0.7339"/>
  </node>
  <node id="9663" lat="" lon="">
    <tag k="mgrs_code" v="99XXX0-10-1"/>
    <tag k="local_x" v="-23.1759"/>
    <tag k="local_y" v="-46.6632"/>
    <tag k="ele" v="-0.1476"/>
  </node>
  <node id="9665" lat="" lon="">
    <tag k="mgrs_code" v="99XXX0-10-1"/>
    <tag k="local_x" v="-22.275"/>
    <tag k="local_y" v="-47.2515"/>
    <tag k="ele" v="-0.0163"/>
  </node>
  <node id="9666" lat="" lon="">
    <tag k="mgrs_code" v="99XXX0-10-1"/>
    <tag k="local_x" v="-21.6009"/>
    <tag k="local_y" v="-47.9789"/>
    <tag k="ele" v="0.0806"/>
  </node>
  <node id="9667" lat="" lon="">
    <tag k="mgrs_code" v="99XXX0-10-1"/>
    <tag k="local_x" v="-20.8914"/>
    <tag k="local_y" v="-48.7445"/>
    <tag k="ele" v="0.0325"/>
  </node>
  <node id="9668" lat="" lon="">
    <tag k="mgrs_code" v="99XXX0-10-1"/>
    <tag k="local_x" v="-20.616"/>
    <tag k="local_y" v="-49.272"/>
    <tag k="ele" v="0.0385"/>
  </node>
  <node id="9669" lat="" lon="">
    <tag k="mgrs_code" v="99XXX0-10-1"/>
    <tag k="local_x" v="-24.3489"/>
    <tag k="local_y" v="-43.5163"/>
    <tag k="ele" v="-0.2112"/>
  </node>
  <node id="9670" lat="" lon="">
    <tag k="mgrs_code" v="99XXX0-10-1"/>
    <tag k="local_x" v="-21.6908"/>
    <tag k="local_y" v="-43.5435"/>
    <tag k="ele" v="-0.1658"/>
  </node>
  <node id="9672" lat="" lon="">
    <tag k="mgrs_code" v="99XXX0-10-1"/>
    <tag k="local_x" v="-20.0779"/>
    <tag k="local_y" v="-43.8634"/>
    <tag k="ele" v="-0.1389"/>
  </node>
  <node id="9673" lat="" lon="">
    <tag k="mgrs_code" v="99XXX0-10-1"/>
    <tag k="local_x" v="-18.6975"/>
    <tag k="local_y" v="-44.4699"/>
    <tag k="ele" v="-0.1223"/>
  </node>
  <node id="9674" lat="" lon="">
    <tag k="mgrs_code" v="99XXX0-10-1"/>
    <tag k="local_x" v="-17.805"/>
    <tag k="local_y" v="-45.2794"/>
    <tag k="ele" v="-0.0855"/>
  </node>
  <node id="9675" lat="" lon="">
    <tag k="mgrs_code" v="99XXX0-10-1"/>
    <tag k="local_x" v="-17.5067"/>
    <tag k="local_y" v="-46.1772"/>
    <tag k="ele" v="-0.0413"/>
  </node>
  <node id="9676" lat="" lon="">
    <tag k="mgrs_code" v="99XXX0-10-1"/>
    <tag k="local_x" v="-17.6843"/>
    <tag k="local_y" v="-48.9034"/>
    <tag k="ele" v="0.0178"/>
  </node>
  <node id="9684" lat="" lon="">
    <tag k="mgrs_code" v="99XXX0-10-1"/>
    <tag k="local_x" v="-17.6881"/>
    <tag k="local_y" v="-49.3788"/>
    <tag k="ele" v="0.0274"/>
  </node>
  <node id="9685" lat="" lon="">
    <tag k="mgrs_code" v="99XXX0-10-1"/>
    <tag k="local_x" v="-18.8218"/>
    <tag k="local_y" v="-46.7481"/>
    <tag k="ele" v="-0.0614"/>
  </node>
  <node id="9687" lat="" lon="">
    <tag k="mgrs_code" v="99XXX0-10-1"/>
    <tag k="local_x" v="-21.1634"/>
    <tag k="local_y" v="-44.5524"/>
    <tag k="ele" v="-0.1385"/>
  </node>
  <node id="9688" lat="" lon="">
    <tag k="mgrs_code" v="99XXX0-10-1"/>
    <tag k="local_x" v="-22.8494"/>
    <tag k="local_y" v="-43.5223"/>
    <tag k="ele" v="-0.212"/>
  </node>
  <node id="9689" lat="" lon="">
    <tag k="mgrs_code" v="99XXX0-10-1"/>
    <tag k="local_x" v="-23.8833"/>
    <tag k="local_y" v="-43.5102"/>
    <tag k="ele" v="-0.2669"/>
  </node>
  <node id="9690" lat="" lon="">
    <tag k="mgrs_code" v="99XXX0-10-1"/>
    <tag k="local_x" v="-14.724"/>
    <tag k="local_y" v="-49.8245"/>
    <tag k="ele" v="0.0623"/>
  </node>
  <node id="9691" lat="" lon="">
    <tag k="mgrs_code" v="99XXX0-10-1"/>
    <tag k="local_x" v="-14.6029"/>
    <tag k="local_y" v="-41.0354"/>
    <tag k="ele" v="-0.1452"/>
  </node>
  <node id="9693" lat="" lon="">
    <tag k="mgrs_code" v="99XXX0-10-1"/>
    <tag k="local_x" v="-23.616"/>
    <tag k="local_y" v="-40.8089"/>
    <tag k="ele" v="-0.3078"/>
  </node>
  <node id="9779" lat="" lon="">
    <tag k="mgrs_code" v="99XXX0-20-1"/>
    <tag k="local_x" v="-138.2988"/>
    <tag k="local_y" v="-34.3937"/>
    <tag k="ele" v="0.4983"/>
  </node>
  <node id="9780" lat="" lon="">
    <tag k="mgrs_code" v="99XXX0-20-1"/>
    <tag k="local_x" v="-138.4013"/>
    <tag k="local_y" v="-34.851"/>
    <tag k="ele" v="0.4983"/>
  </node>
  <node id="9781" lat="" lon="">
    <tag k="mgrs_code" v="99XXX0-20-1"/>
    <tag k="local_x" v="-138.4968"/>
    <tag k="local_y" v="-35.2984"/>
    <tag k="ele" v="0.4983"/>
  </node>
  <node id="9782" lat="" lon="">
    <tag k="mgrs_code" v="99XXX0-20-1"/>
    <tag k="local_x" v="-138.5879"/>
    <tag k="local_y" v="-35.7467"/>
    <tag k="ele" v="0.4983"/>
  </node>
  <node id="9783" lat="" lon="">
    <tag k="mgrs_code" v="99XXX0-20-1"/>
    <tag k="local_x" v="-138.6746"/>
    <tag k="local_y" v="-36.1958"/>
    <tag k="ele" v="0.4983"/>
  </node>
  <node id="9784" lat="" lon="">
    <tag k="mgrs_code" v="99XXX0-20-1"/>
    <tag k="local_x" v="-138.7568"/>
    <tag k="local_y" v="-36.6458"/>
    <tag k="ele" v="0.4983"/>
  </node>
  <node id="9785" lat="" lon="">
    <tag k="mgrs_code" v="99XXX0-20-1"/>
    <tag k="local_x" v="-138.8346"/>
    <tag k="local_y" v="-37.0965"/>
    <tag k="ele" v="0.4983"/>
  </node>
  <node id="9786" lat="" lon="">
    <tag k="mgrs_code" v="99XXX0-20-1"/>
    <tag k="local_x" v="-138.908"/>
    <tag k="local_y" v="-37.5479"/>
    <tag k="ele" v="0.4983"/>
  </node>
  <node id="9787" lat="" lon="">
    <tag k="mgrs_code" v="99XXX0-20-1"/>
    <tag k="local_x" v="-138.977"/>
    <tag k="local_y" v="-37.9999"/>
    <tag k="ele" v="0.4983"/>
  </node>
  <node id="9788" lat="" lon="">
    <tag k="mgrs_code" v="99XXX0-20-1"/>
    <tag k="local_x" v="-139.0415"/>
    <tag k="local_y" v="-38.4526"/>
    <tag k="ele" v="0.4983"/>
  </node>
  <node id="9789" lat="" lon="">
    <tag k="mgrs_code" v="99XXX0-20-1"/>
    <tag k="local_x" v="-139.1015"/>
    <tag k="local_y" v="-38.9059"/>
    <tag k="ele" v="0.4983"/>
  </node>
  <node id="9790" lat="" lon="">
    <tag k="mgrs_code" v="99XXX0-20-1"/>
    <tag k="local_x" v="-139.1571"/>
    <tag k="local_y" v="-39.3597"/>
    <tag k="ele" v="0.4983"/>
  </node>
  <node id="9791" lat="" lon="">
    <tag k="mgrs_code" v="99XXX0-20-1"/>
    <tag k="local_x" v="-139.2083"/>
    <tag k="local_y" v="-39.8139"/>
    <tag k="ele" v="0.4983"/>
  </node>
  <node id="9792" lat="" lon="">
    <tag k="mgrs_code" v="99XXX0-20-1"/>
    <tag k="local_x" v="-139.2549"/>
    <tag k="local_y" v="-40.2687"/>
    <tag k="ele" v="0.4983"/>
  </node>
  <node id="9793" lat="" lon="">
    <tag k="mgrs_code" v="99XXX0-20-1"/>
    <tag k="local_x" v="-139.2971"/>
    <tag k="local_y" v="-40.7238"/>
    <tag k="ele" v="0.4983"/>
  </node>
  <node id="9794" lat="" lon="">
    <tag k="mgrs_code" v="99XXX0-20-1"/>
    <tag k="local_x" v="-139.3348"/>
    <tag k="local_y" v="-41.1793"/>
    <tag k="ele" v="0.4983"/>
  </node>
  <node id="9795" lat="" lon="">
    <tag k="mgrs_code" v="99XXX0-20-1"/>
    <tag k="local_x" v="-139.368"/>
    <tag k="local_y" v="-41.6351"/>
    <tag k="ele" v="0.4983"/>
  </node>
  <node id="9796" lat="" lon="">
    <tag k="mgrs_code" v="99XXX0-20-1"/>
    <tag k="local_x" v="-139.3968"/>
    <tag k="local_y" v="-42.0912"/>
    <tag k="ele" v="0.4983"/>
  </node>
  <node id="9797" lat="" lon="">
    <tag k="mgrs_code" v="99XXX0-20-1"/>
    <tag k="local_x" v="-139.4211"/>
    <tag k="local_y" v="-42.5475"/>
    <tag k="ele" v="0.4983"/>
  </node>
  <node id="9798" lat="" lon="">
    <tag k="mgrs_code" v="99XXX0-20-1"/>
    <tag k="local_x" v="-139.4408"/>
    <tag k="local_y" v="-43.004"/>
    <tag k="ele" v="0.4983"/>
  </node>
  <node id="9799" lat="" lon="">
    <tag k="mgrs_code" v="99XXX0-20-1"/>
    <tag k="local_x" v="-139.4561"/>
    <tag k="local_y" v="-43.4606"/>
    <tag k="ele" v="0.4983"/>
  </node>
  <node id="9800" lat="" lon="">
    <tag k="mgrs_code" v="99XXX0-20-1"/>
    <tag k="local_x" v="-139.4673"/>
    <tag k="local_y" v="-43.9287"/>
    <tag k="ele" v="0.4983"/>
  </node>
  <node id="9801" lat="" lon="">
    <tag k="mgrs_code" v="99XXX0-20-1"/>
    <tag k="local_x" v="-142.7002"/>
    <tag k="local_y" v="-33.3736"/>
    <tag k="ele" v="0.4983"/>
  </node>
  <node id="9802" lat="" lon="">
    <tag k="mgrs_code" v="99XXX0-20-1"/>
    <tag k="local_x" v="-142.8144"/>
    <tag k="local_y" v="-33.851"/>
    <tag k="ele" v="0.4983"/>
  </node>
  <node id="9803" lat="" lon="">
    <tag k="mgrs_code" v="99XXX0-20-1"/>
    <tag k="local_x" v="-142.9263"/>
    <tag k="local_y" v="-34.3403"/>
    <tag k="ele" v="0.4983"/>
  </node>
  <node id="9804" lat="" lon="">
    <tag k="mgrs_code" v="99XXX0-20-1"/>
    <tag k="local_x" v="-143.0334"/>
    <tag k="local_y" v="-34.8307"/>
    <tag k="ele" v="0.4983"/>
  </node>
  <node id="9805" lat="" lon="">
    <tag k="mgrs_code" v="99XXX0-20-1"/>
    <tag k="local_x" v="-143.1358"/>
    <tag k="local_y" v="-35.3222"/>
    <tag k="ele" v="0.4983"/>
  </node>
  <node id="9806" lat="" lon="">
    <tag k="mgrs_code" v="99XXX0-20-1"/>
    <tag k="local_x" v="-143.2332"/>
    <tag k="local_y" v="-35.8148"/>
    <tag k="ele" v="0.4983"/>
  </node>
  <node id="9807" lat="" lon="">
    <tag k="mgrs_code" v="99XXX0-20-1"/>
    <tag k="local_x" v="-143.3259"/>
    <tag k="local_y" v="-36.3083"/>
    <tag k="ele" v="0.4983"/>
  </node>
  <node id="9808" lat="" lon="">
    <tag k="mgrs_code" v="99XXX0-20-1"/>
    <tag k="local_x" v="-143.4137"/>
    <tag k="local_y" v="-36.8027"/>
    <tag k="ele" v="0.4983"/>
  </node>
  <node id="9809" lat="" lon="">
    <tag k="mgrs_code" v="99XXX0-20-1"/>
    <tag k="local_x" v="-143.4967"/>
    <tag k="local_y" v="-37.2979"/>
    <tag k="ele" v="0.4983"/>
  </node>
  <node id="9810" lat="" lon="">
    <tag k="mgrs_code" v="99XXX0-20-1"/>
    <tag k="local_x" v="-143.5748"/>
    <tag k="local_y" v="-37.794"/>
    <tag k="ele" v="0.4983"/>
  </node>
  <node id="9811" lat="" lon="">
    <tag k="mgrs_code" v="99XXX0-20-1"/>
    <tag k="local_x" v="-143.648"/>
    <tag k="local_y" v="-38.2909"/>
    <tag k="ele" v="0.4983"/>
  </node>
  <node id="9812" lat="" lon="">
    <tag k="mgrs_code" v="99XXX0-20-1"/>
    <tag k="local_x" v="-143.7163"/>
    <tag k="local_y" v="-38.7885"/>
    <tag k="ele" v="0.4983"/>
  </node>
  <node id="9813" lat="" lon="">
    <tag k="mgrs_code" v="99XXX0-20-1"/>
    <tag k="local_x" v="-143.7798"/>
    <tag k="local_y" v="-39.2868"/>
    <tag k="ele" v="0.4983"/>
  </node>
  <node id="9814" lat="" lon="">
    <tag k="mgrs_code" v="99XXX0-20-1"/>
    <tag k="local_x" v="-143.8383"/>
    <tag k="local_y" v="-39.7858"/>
    <tag k="ele" v="0.4983"/>
  </node>
  <node id="9815" lat="" lon="">
    <tag k="mgrs_code" v="99XXX0-20-1"/>
    <tag k="local_x" v="-143.892"/>
    <tag k="local_y" v="-40.2853"/>
    <tag k="ele" v="0.4983"/>
  </node>
  <node id="9816" lat="" lon="">
    <tag k="mgrs_code" v="99XXX0-20-1"/>
    <tag k="local_x" v="-143.9407"/>
    <tag k="local_y" v="-40.7853"/>
    <tag k="ele" v="0.4983"/>
  </node>
  <node id="9817" lat="" lon="">
    <tag k="mgrs_code" v="99XXX0-20-1"/>
    <tag k="local_x" v="-143.9846"/>
    <tag k="local_y" v="-41.2859"/>
    <tag k="ele" v="0.4983"/>
  </node>
  <node id="9818" lat="" lon="">
    <tag k="mgrs_code" v="99XXX0-20-1"/>
    <tag k="local_x" v="-144.0235"/>
    <tag k="local_y" v="-41.7868"/>
    <tag k="ele" v="0.4983"/>
  </node>
  <node id="9819" lat="" lon="">
    <tag k="mgrs_code" v="99XXX0-20-1"/>
    <tag k="local_x" v="-144.0575"/>
    <tag k="local_y" v="-42.2882"/>
    <tag k="ele" v="0.4983"/>
  </node>
  <node id="9820" lat="" lon="">
    <tag k="mgrs_code" v="99XXX0-20-1"/>
    <tag k="local_x" v="-144.0866"/>
    <tag k="local_y" v="-42.7899"/>
    <tag k="ele" v="0.4983"/>
  </node>
  <node id="9821" lat="" lon="">
    <tag k="mgrs_code" v="99XXX0-20-1"/>
    <tag k="local_x" v="-144.1107"/>
    <tag k="local_y" v="-43.2919"/>
    <tag k="ele" v="0.4983"/>
  </node>
  <node id="9822" lat="" lon="">
    <tag k="mgrs_code" v="99XXX0-20-1"/>
    <tag k="local_x" v="-144.1296"/>
    <tag k="local_y" v="-43.7827"/>
    <tag k="ele" v="0.4983"/>
  </node>
  <node id="9829" lat="" lon="">
    <tag k="mgrs_code" v="99XXX0-2000"/>
    <tag k="local_x" v="-137.2999"/>
    <tag k="local_y" v="10.7514"/>
    <tag k="ele" v="0.7045"/>
  </node>
  <node id="9830" lat="" lon="">
    <tag k="mgrs_code" v="99XXX0-2000"/>
    <tag k="local_x" v="-137.2868"/>
    <tag k="local_y" v="10.2545"/>
    <tag k="ele" v="0.7045"/>
  </node>
  <node id="9831" lat="" lon="">
    <tag k="mgrs_code" v="99XXX0-2000"/>
    <tag k="local_x" v="-137.2734"/>
    <tag k="local_y" v="9.7583"/>
    <tag k="ele" v="0.7045"/>
  </node>
  <node id="9832" lat="" lon="">
    <tag k="mgrs_code" v="99XXX0-2000"/>
    <tag k="local_x" v="-137.2596"/>
    <tag k="local_y" v="9.2622"/>
    <tag k="ele" v="0.7045"/>
  </node>
  <node id="9833" lat="" lon="">
    <tag k="mgrs_code" v="99XXX0-2000"/>
    <tag k="local_x" v="-137.2454"/>
    <tag k="local_y" v="8.766"/>
    <tag k="ele" v="0.7045"/>
  </node>
  <node id="9834" lat="" lon="">
    <tag k="mgrs_code" v="99XXX0-2000"/>
    <tag k="local_x" v="-137.2309"/>
    <tag k="local_y" v="8.2699"/>
    <tag k="ele" v="0.7045"/>
  </node>
  <node id="9835" lat="" lon="">
    <tag k="mgrs_code" v="99XXX0-2000"/>
    <tag k="local_x" v="-137.216"/>
    <tag k="local_y" v="7.7738"/>
    <tag k="ele" v="0.7045"/>
  </node>
  <node id="9836" lat="" lon="">
    <tag k="mgrs_code" v="99XXX0-2000"/>
    <tag k="local_x" v="-137.2008"/>
    <tag k="local_y" v="7.2778"/>
    <tag k="ele" v="0.7045"/>
  </node>
  <node id="9837" lat="" lon="">
    <tag k="mgrs_code" v="99XXX0-2000"/>
    <tag k="local_x" v="-137.1852"/>
    <tag k="local_y" v="6.7818"/>
    <tag k="ele" v="0.7045"/>
  </node>
  <node id="9838" lat="" lon="">
    <tag k="mgrs_code" v="99XXX0-2000"/>
    <tag k="local_x" v="-137.1692"/>
    <tag k="local_y" v="6.2858"/>
    <tag k="ele" v="0.7045"/>
  </node>
  <node id="9839" lat="" lon="">
    <tag k="mgrs_code" v="99XXX0-2000"/>
    <tag k="local_x" v="-137.1529"/>
    <tag k="local_y" v="5.7898"/>
    <tag k="ele" v="0.7045"/>
  </node>
  <node id="9840" lat="" lon="">
    <tag k="mgrs_code" v="99XXX0-2000"/>
    <tag k="local_x" v="-137.1363"/>
    <tag k="local_y" v="5.2931"/>
    <tag k="ele" v="0.7045"/>
  </node>
  <node id="9841" lat="" lon="">
    <tag k="mgrs_code" v="99XXX0-2000"/>
    <tag k="local_x" v="-141.2209"/>
    <tag k="local_y" v="10.8433"/>
    <tag k="ele" v="0.7045"/>
  </node>
  <node id="9842" lat="" lon="">
    <tag k="mgrs_code" v="99XXX0-2000"/>
    <tag k="local_x" v="-141.2573"/>
    <tag k="local_y" v="10.3461"/>
    <tag k="ele" v="0.7045"/>
  </node>
  <node id="9843" lat="" lon="">
    <tag k="mgrs_code" v="99XXX0-2000"/>
    <tag k="local_x" v="-141.2933"/>
    <tag k="local_y" v="9.8481"/>
    <tag k="ele" v="0.7045"/>
  </node>
  <node id="9844" lat="" lon="">
    <tag k="mgrs_code" v="99XXX0-2000"/>
    <tag k="local_x" v="-141.3289"/>
    <tag k="local_y" v="9.3502"/>
    <tag k="ele" v="0.7045"/>
  </node>
  <node id="9845" lat="" lon="">
    <tag k="mgrs_code" v="99XXX0-2000"/>
    <tag k="local_x" v="-141.3642"/>
    <tag k="local_y" v="8.8521"/>
    <tag k="ele" v="0.7045"/>
  </node>
  <node id="9846" lat="" lon="">
    <tag k="mgrs_code" v="99XXX0-2000"/>
    <tag k="local_x" v="-141.3992"/>
    <tag k="local_y" v="8.3541"/>
    <tag k="ele" v="0.7045"/>
  </node>
  <node id="9847" lat="" lon="">
    <tag k="mgrs_code" v="99XXX0-2000"/>
    <tag k="local_x" v="-141.4338"/>
    <tag k="local_y" v="7.856"/>
    <tag k="ele" v="0.7045"/>
  </node>
  <node id="9848" lat="" lon="">
    <tag k="mgrs_code" v="99XXX0-2000"/>
    <tag k="local_x" v="-141.468"/>
    <tag k="local_y" v="7.3578"/>
    <tag k="ele" v="0.7045"/>
  </node>
  <node id="9849" lat="" lon="">
    <tag k="mgrs_code" v="99XXX0-2000"/>
    <tag k="local_x" v="-141.5019"/>
    <tag k="local_y" v="6.8596"/>
    <tag k="ele" v="0.7045"/>
  </node>
  <node id="9850" lat="" lon="">
    <tag k="mgrs_code" v="99XXX0-2000"/>
    <tag k="local_x" v="-141.5354"/>
    <tag k="local_y" v="6.3614"/>
    <tag k="ele" v="0.7045"/>
  </node>
  <node id="9851" lat="" lon="">
    <tag k="mgrs_code" v="99XXX0-2000"/>
    <tag k="local_x" v="-141.5686"/>
    <tag k="local_y" v="5.8631"/>
    <tag k="ele" v="0.7045"/>
  </node>
  <node id="9852" lat="" lon="">
    <tag k="mgrs_code" v="99XXX0-2000"/>
    <tag k="local_x" v="-141.6014"/>
    <tag k="local_y" v="5.3656"/>
    <tag k="ele" v="0.7045"/>
  </node>
  <node id="9903" lat="" lon="">
    <tag k="mgrs_code" v="99XXX0-20-1"/>
    <tag k="local_x" v="-133.3522"/>
    <tag k="local_y" v="-3.5611"/>
    <tag k="ele" v="0.5228"/>
  </node>
  <node id="9904" lat="" lon="">
    <tag k="mgrs_code" v="99XXX0-20-1"/>
    <tag k="local_x" v="-132.4712"/>
    <tag k="local_y" v="-2.0604"/>
    <tag k="ele" v="0.5196"/>
  </node>
  <node id="9906" lat="" lon="">
    <tag k="mgrs_code" v="99XXX0-20-1"/>
    <tag k="local_x" v="-131.6081"/>
    <tag k="local_y" v="-1.0092"/>
    <tag k="ele" v="0.5104"/>
  </node>
  <node id="9907" lat="" lon="">
    <tag k="mgrs_code" v="99XXX0-20-1"/>
    <tag k="local_x" v="-130.5399"/>
    <tag k="local_y" v="-0.1251"/>
    <tag k="ele" v="0.4831"/>
  </node>
  <node id="9908" lat="" lon="">
    <tag k="mgrs_code" v="99XXX0-2000"/>
    <tag k="local_x" v="-129.5902"/>
    <tag k="local_y" v="0.4459"/>
    <tag k="ele" v="0.4475"/>
  </node>
  <node id="9909" lat="" lon="">
    <tag k="mgrs_code" v="99XXX0-2000"/>
    <tag k="local_x" v="-128.4459"/>
    <tag k="local_y" v="0.5855"/>
    <tag k="ele" v="0.4284"/>
  </node>
  <node id="9910" lat="" lon="">
    <tag k="mgrs_code" v="99XXX0-20-1"/>
    <tag k="local_x" v="-137.5721"/>
    <tag k="local_y" v="-3.3334"/>
    <tag k="ele" v="0.6006"/>
  </node>
  <node id="9911" lat="" lon="">
    <tag k="mgrs_code" v="99XXX0-2000"/>
    <tag k="local_x" v="-137.3409"/>
    <tag k="local_y" v="0.5774"/>
    <tag k="ele" v="0.6499"/>
  </node>
  <node id="9913" lat="" lon="">
    <tag k="mgrs_code" v="99XXX0-2000"/>
    <tag k="local_x" v="-135.2477"/>
    <tag k="local_y" v="2.2842"/>
    <tag k="ele" v="0.6142"/>
  </node>
  <node id="9914" lat="" lon="">
    <tag k="mgrs_code" v="99XXX0-2000"/>
    <tag k="local_x" v="-133.4982"/>
    <tag k="local_y" v="3.1812"/>
    <tag k="ele" v="0.584"/>
  </node>
  <node id="9915" lat="" lon="">
    <tag k="mgrs_code" v="99XXX0-2000"/>
    <tag k="local_x" v="-130.1095"/>
    <tag k="local_y" v="3.1786"/>
    <tag k="ele" v="0.4882"/>
  </node>
  <node id="9992" lat="" lon="">
    <tag k="mgrs_code" v="99XXX0-20-1"/>
    <tag k="local_x" v="-134.37"/>
    <tag k="local_y" v="-48.0034"/>
    <tag k="ele" v="0.4328"/>
  </node>
  <node id="9993" lat="" lon="">
    <tag k="mgrs_code" v="99XXX0-20-1"/>
    <tag k="local_x" v="-133.878"/>
    <tag k="local_y" v="-46.6499"/>
    <tag k="ele" v="0.3932"/>
  </node>
  <node id="9995" lat="" lon="">
    <tag k="mgrs_code" v="99XXX0-20-1"/>
    <tag k="local_x" v="-133.0396"/>
    <tag k="local_y" v="-45.6112"/>
    <tag k="ele" v="0.4078"/>
  </node>
  <node id="9996" lat="" lon="">
    <tag k="mgrs_code" v="99XXX0-20-1"/>
    <tag k="local_x" v="-131.9884"/>
    <tag k="local_y" v="-44.7031"/>
    <tag k="ele" v="0.4183"/>
  </node>
  <node id="9997" lat="" lon="">
    <tag k="mgrs_code" v="99XXX0-20-1"/>
    <tag k="local_x" v="-130.5905"/>
    <tag k="local_y" v="-44.1362"/>
    <tag k="ele" v="0.4016"/>
  </node>
  <node id="9998" lat="" lon="">
    <tag k="mgrs_code" v="99XXX0-20-1"/>
    <tag k="local_x" v="-129.1366"/>
    <tag k="local_y" v="-43.9393"/>
    <tag k="ele" v="0.385"/>
  </node>
  <node id="9999" lat="" lon="">
    <tag k="mgrs_code" v="99XXX0-20-1"/>
    <tag k="local_x" v="-139.557"/>
    <tag k="local_y" v="-47.939"/>
    <tag k="ele" v="0.5383"/>
  </node>
  <node id="10000" lat="" lon="">
    <tag k="mgrs_code" v="99XXX0-20-1"/>
    <tag k="local_x" v="-139.2427"/>
    <tag k="local_y" v="-40.9242"/>
    <tag k="ele" v="0.537"/>
  </node>
  <node id="10002" lat="" lon="">
    <tag k="mgrs_code" v="99XXX0-20-1"/>
    <tag k="local_x" v="-137.6862"/>
    <tag k="local_y" v="-40.3296"/>
    <tag k="ele" v="0.4945"/>
  </node>
  <node id="10003" lat="" lon="">
    <tag k="mgrs_code" v="99XXX0-20-1"/>
    <tag k="local_x" v="-135.2282"/>
    <tag k="local_y" v="-39.9659"/>
    <tag k="ele" v="0.4341"/>
  </node>
  <node id="10004" lat="" lon="">
    <tag k="mgrs_code" v="99XXX0-20-1"/>
    <tag k="local_x" v="-132.7928"/>
    <tag k="local_y" v="-40.0787"/>
    <tag k="ele" v="0.4017"/>
  </node>
  <node id="10005" lat="" lon="">
    <tag k="mgrs_code" v="99XXX0-20-1"/>
    <tag k="local_x" v="-130.592"/>
    <tag k="local_y" v="-40.6433"/>
    <tag k="ele" v="0.3651"/>
  </node>
  <node id="10006" lat="" lon="">
    <tag k="mgrs_code" v="99XXX0-20-1"/>
    <tag k="local_x" v="-129.0543"/>
    <tag k="local_y" v="-41.0014"/>
    <tag k="ele" v="0.3448"/>
  </node>
  <node id="10014" lat="" lon="">
    <tag k="mgrs_code" v="99XXX0-10-1"/>
    <tag k="local_x" v="-67.6328"/>
    <tag k="local_y" v="-54.7603"/>
    <tag k="ele" v="-0.3533"/>
  </node>
  <node id="10015" lat="" lon="">
    <tag k="mgrs_code" v="99XXX0-10-1"/>
    <tag k="local_x" v="-66.0387"/>
    <tag k="local_y" v="-56.9432"/>
    <tag k="ele" v="-0.3193"/>
  </node>
  <node id="10017" lat="" lon="">
    <tag k="mgrs_code" v="99XXX0-10-1"/>
    <tag k="local_x" v="-63.7001"/>
    <tag k="local_y" v="-59.4434"/>
    <tag k="ele" v="-0.2593"/>
  </node>
  <node id="10018" lat="" lon="">
    <tag k="mgrs_code" v="99XXX0-10-1"/>
    <tag k="local_x" v="-62.3599"/>
    <tag k="local_y" v="-60.0072"/>
    <tag k="ele" v="-0.2602"/>
  </node>
  <node id="10019" lat="" lon="">
    <tag k="mgrs_code" v="99XXX0-10-1"/>
    <tag k="local_x" v="-70.3256"/>
    <tag k="local_y" v="-54.8511"/>
    <tag k="ele" v="-0.3329"/>
  </node>
  <node id="10020" lat="" lon="">
    <tag k="mgrs_code" v="99XXX0-10-1"/>
    <tag k="local_x" v="-70.4223"/>
    <tag k="local_y" v="-59.2457"/>
    <tag k="ele" v="-0.2174"/>
  </node>
  <node id="10022" lat="" lon="">
    <tag k="mgrs_code" v="99XXX0-10-1"/>
    <tag k="local_x" v="-70.4975"/>
    <tag k="local_y" v="-62.8648"/>
    <tag k="ele" v="-0.126"/>
  </node>
  <node id="10023" lat="" lon="">
    <tag k="mgrs_code" v="99XXX0-10-1"/>
    <tag k="local_x" v="-61.123"/>
    <tag k="local_y" v="-62.7879"/>
    <tag k="ele" v="-0.19"/>
  </node>
  <node id="10088" lat="" lon="">
    <tag k="mgrs_code" v="99XXX0-10-1"/>
    <tag k="local_x" v="-18.0433"/>
    <tag k="local_y" v="-66.2571"/>
    <tag k="ele" v="0.4295"/>
  </node>
  <node id="10089" lat="" lon="">
    <tag k="mgrs_code" v="99XXX0-10-1"/>
    <tag k="local_x" v="-19.3161"/>
    <tag k="local_y" v="-63.2882"/>
    <tag k="ele" v="0.3516"/>
  </node>
  <node id="10091" lat="" lon="">
    <tag k="mgrs_code" v="99XXX0-10-1"/>
    <tag k="local_x" v="-21.2193"/>
    <tag k="local_y" v="-61.8359"/>
    <tag k="ele" v="0.2998"/>
  </node>
  <node id="10092" lat="" lon="">
    <tag k="mgrs_code" v="99XXX0-10-1"/>
    <tag k="local_x" v="-23.0355"/>
    <tag k="local_y" v="-60.6669"/>
    <tag k="ele" v="0.2517"/>
  </node>
  <node id="10093" lat="" lon="">
    <tag k="mgrs_code" v="99XXX0-10-1"/>
    <tag k="local_x" v="-15.1736"/>
    <tag k="local_y" v="-66.5136"/>
    <tag k="ele" v="0.2505"/>
  </node>
  <node id="10094" lat="" lon="">
    <tag k="mgrs_code" v="99XXX0-10-1"/>
    <tag k="local_x" v="-14.9636"/>
    <tag k="local_y" v="-57.7661"/>
    <tag k="ele" v="0.2539"/>
  </node>
  <node id="10096" lat="" lon="">
    <tag k="mgrs_code" v="99XXX0-10-1"/>
    <tag k="local_x" v="-23.7795"/>
    <tag k="local_y" v="-57.8045"/>
    <tag k="ele" v="0.1991"/>
  </node>
  <node id="10159" lat="" lon="">
    <tag k="mgrs_code" v="99XXX0-1000"/>
    <tag k="local_x" v="-58.0298"/>
    <tag k="local_y" v="1.7462"/>
    <tag k="ele" v="-1.2038"/>
  </node>
  <node id="10160" lat="" lon="">
    <tag k="mgrs_code" v="99XXX0-1000"/>
    <tag k="local_x" v="-58.4909"/>
    <tag k="local_y" v="1.722"/>
    <tag k="ele" v="-1.2038"/>
  </node>
  <node id="10161" lat="" lon="">
    <tag k="mgrs_code" v="99XXX0-1000"/>
    <tag k="local_x" v="-58.9178"/>
    <tag k="local_y" v="1.6788"/>
    <tag k="ele" v="-1.2038"/>
  </node>
  <node id="10162" lat="" lon="">
    <tag k="mgrs_code" v="99XXX0-1000"/>
    <tag k="local_x" v="-59.3421"/>
    <tag k="local_y" v="1.6153"/>
    <tag k="ele" v="-1.2038"/>
  </node>
  <node id="10163" lat="" lon="">
    <tag k="mgrs_code" v="99XXX0-1000"/>
    <tag k="local_x" v="-59.763"/>
    <tag k="local_y" v="1.5317"/>
    <tag k="ele" v="-1.2038"/>
  </node>
  <node id="10164" lat="" lon="">
    <tag k="mgrs_code" v="99XXX0-1000"/>
    <tag k="local_x" v="-60.1794"/>
    <tag k="local_y" v="1.4282"/>
    <tag k="ele" v="-1.2038"/>
  </node>
  <node id="10165" lat="" lon="">
    <tag k="mgrs_code" v="99XXX0-1000"/>
    <tag k="local_x" v="-60.5904"/>
    <tag k="local_y" v="1.305"/>
    <tag k="ele" v="-1.2038"/>
  </node>
  <node id="10166" lat="" lon="">
    <tag k="mgrs_code" v="99XXX0-1000"/>
    <tag k="local_x" v="-60.9951"/>
    <tag k="local_y" v="1.1624"/>
    <tag k="ele" v="-1.2038"/>
  </node>
  <node id="10167" lat="" lon="">
    <tag k="mgrs_code" v="99XXX0-1000"/>
    <tag k="local_x" v="-61.3926"/>
    <tag k="local_y" v="1.0006"/>
    <tag k="ele" v="-1.2038"/>
  </node>
  <node id="10168" lat="" lon="">
    <tag k="mgrs_code" v="99XXX0-1000"/>
    <tag k="local_x" v="-61.7818"/>
    <tag k="local_y" v="0.8202"/>
    <tag k="ele" v="-1.2038"/>
  </node>
  <node id="10169" lat="" lon="">
    <tag k="mgrs_code" v="99XXX0-1000"/>
    <tag k="local_x" v="-62.1621"/>
    <tag k="local_y" v="0.6214"/>
    <tag k="ele" v="-1.2038"/>
  </node>
  <node id="10170" lat="" lon="">
    <tag k="mgrs_code" v="99XXX0-1000"/>
    <tag k="local_x" v="-62.5325"/>
    <tag k="local_y" v="0.4047"/>
    <tag k="ele" v="-1.2038"/>
  </node>
  <node id="10171" lat="" lon="">
    <tag k="mgrs_code" v="99XXX0-1000"/>
    <tag k="local_x" v="-62.8921"/>
    <tag k="local_y" v="0.1707"/>
    <tag k="ele" v="-1.2038"/>
  </node>
  <node id="10172" lat="" lon="">
    <tag k="mgrs_code" v="99XXX0-10-1"/>
    <tag k="local_x" v="-63.2402"/>
    <tag k="local_y" v="-0.0802"/>
    <tag k="ele" v="-1.2038"/>
  </node>
  <node id="10173" lat="" lon="">
    <tag k="mgrs_code" v="99XXX0-10-1"/>
    <tag k="local_x" v="-63.5759"/>
    <tag k="local_y" v="-0.3474"/>
    <tag k="ele" v="-1.2038"/>
  </node>
  <node id="10174" lat="" lon="">
    <tag k="mgrs_code" v="99XXX0-10-1"/>
    <tag k="local_x" v="-63.8986"/>
    <tag k="local_y" v="-0.6302"/>
    <tag k="ele" v="-1.2038"/>
  </node>
  <node id="10175" lat="" lon="">
    <tag k="mgrs_code" v="99XXX0-10-1"/>
    <tag k="local_x" v="-64.2074"/>
    <tag k="local_y" v="-0.9281"/>
    <tag k="ele" v="-1.2038"/>
  </node>
  <node id="10176" lat="" lon="">
    <tag k="mgrs_code" v="99XXX0-10-1"/>
    <tag k="local_x" v="-64.5017"/>
    <tag k="local_y" v="-1.2403"/>
    <tag k="ele" v="-1.2038"/>
  </node>
  <node id="10177" lat="" lon="">
    <tag k="mgrs_code" v="99XXX0-10-1"/>
    <tag k="local_x" v="-64.7808"/>
    <tag k="local_y" v="-1.5662"/>
    <tag k="ele" v="-1.2038"/>
  </node>
  <node id="10178" lat="" lon="">
    <tag k="mgrs_code" v="99XXX0-10-1"/>
    <tag k="local_x" v="-65.0441"/>
    <tag k="local_y" v="-1.905"/>
    <tag k="ele" v="-1.2038"/>
  </node>
  <node id="10179" lat="" lon="">
    <tag k="mgrs_code" v="99XXX0-10-1"/>
    <tag k="local_x" v="-65.291"/>
    <tag k="local_y" v="-2.2559"/>
    <tag k="ele" v="-1.2038"/>
  </node>
  <node id="10180" lat="" lon="">
    <tag k="mgrs_code" v="99XXX0-10-1"/>
    <tag k="local_x" v="-65.5209"/>
    <tag k="local_y" v="-2.6182"/>
    <tag k="ele" v="-1.2038"/>
  </node>
  <node id="10181" lat="" lon="">
    <tag k="mgrs_code" v="99XXX0-10-1"/>
    <tag k="local_x" v="-65.7332"/>
    <tag k="local_y" v="-2.991"/>
    <tag k="ele" v="-1.2038"/>
  </node>
  <node id="10182" lat="" lon="">
    <tag k="mgrs_code" v="99XXX0-10-1"/>
    <tag k="local_x" v="-65.9276"/>
    <tag k="local_y" v="-3.3735"/>
    <tag k="ele" v="-1.2038"/>
  </node>
  <node id="10183" lat="" lon="">
    <tag k="mgrs_code" v="99XXX0-10-1"/>
    <tag k="local_x" v="-66.1036"/>
    <tag k="local_y" v="-3.7648"/>
    <tag k="ele" v="-1.2038"/>
  </node>
  <node id="10184" lat="" lon="">
    <tag k="mgrs_code" v="99XXX0-10-1"/>
    <tag k="local_x" v="-66.2608"/>
    <tag k="local_y" v="-4.164"/>
    <tag k="ele" v="-1.2038"/>
  </node>
  <node id="10185" lat="" lon="">
    <tag k="mgrs_code" v="99XXX0-10-1"/>
    <tag k="local_x" v="-66.3988"/>
    <tag k="local_y" v="-4.5703"/>
    <tag k="ele" v="-1.2038"/>
  </node>
  <node id="10186" lat="" lon="">
    <tag k="mgrs_code" v="99XXX0-10-1"/>
    <tag k="local_x" v="-66.5172"/>
    <tag k="local_y" v="-4.9826"/>
    <tag k="ele" v="-1.2038"/>
  </node>
  <node id="10187" lat="" lon="">
    <tag k="mgrs_code" v="99XXX0-10-1"/>
    <tag k="local_x" v="-66.616"/>
    <tag k="local_y" v="-5.4002"/>
    <tag k="ele" v="-1.2038"/>
  </node>
  <node id="10188" lat="" lon="">
    <tag k="mgrs_code" v="99XXX0-10-1"/>
    <tag k="local_x" v="-66.6947"/>
    <tag k="local_y" v="-5.8219"/>
    <tag k="ele" v="-1.2038"/>
  </node>
  <node id="10189" lat="" lon="">
    <tag k="mgrs_code" v="99XXX0-10-1"/>
    <tag k="local_x" v="-66.7533"/>
    <tag k="local_y" v="-6.247"/>
    <tag k="ele" v="-1.2038"/>
  </node>
  <node id="10190" lat="" lon="">
    <tag k="mgrs_code" v="99XXX0-10-1"/>
    <tag k="local_x" v="-66.7941"/>
    <tag k="local_y" v="-6.7068"/>
    <tag k="ele" v="-1.2038"/>
  </node>
  <node id="10191" lat="" lon="">
    <tag k="mgrs_code" v="99XXX0-1000"/>
    <tag k="local_x" v="-58.1753"/>
    <tag k="local_y" v="4.4802"/>
    <tag k="ele" v="-1.2038"/>
  </node>
  <node id="10192" lat="" lon="">
    <tag k="mgrs_code" v="99XXX0-1000"/>
    <tag k="local_x" v="-58.7014"/>
    <tag k="local_y" v="4.4519"/>
    <tag k="ele" v="-1.2038"/>
  </node>
  <node id="10193" lat="" lon="">
    <tag k="mgrs_code" v="99XXX0-1000"/>
    <tag k="local_x" v="-59.258"/>
    <tag k="local_y" v="4.3957"/>
    <tag k="ele" v="-1.2038"/>
  </node>
  <node id="10194" lat="" lon="">
    <tag k="mgrs_code" v="99XXX0-1000"/>
    <tag k="local_x" v="-59.8113"/>
    <tag k="local_y" v="4.313"/>
    <tag k="ele" v="-1.2038"/>
  </node>
  <node id="10195" lat="" lon="">
    <tag k="mgrs_code" v="99XXX0-1000"/>
    <tag k="local_x" v="-60.36"/>
    <tag k="local_y" v="4.2041"/>
    <tag k="ele" v="-1.2038"/>
  </node>
  <node id="10196" lat="" lon="">
    <tag k="mgrs_code" v="99XXX0-1000"/>
    <tag k="local_x" v="-60.9029"/>
    <tag k="local_y" v="4.0692"/>
    <tag k="ele" v="-1.2038"/>
  </node>
  <node id="10197" lat="" lon="">
    <tag k="mgrs_code" v="99XXX0-1000"/>
    <tag k="local_x" v="-61.4388"/>
    <tag k="local_y" v="3.9086"/>
    <tag k="ele" v="-1.2038"/>
  </node>
  <node id="10198" lat="" lon="">
    <tag k="mgrs_code" v="99XXX0-1000"/>
    <tag k="local_x" v="-61.9665"/>
    <tag k="local_y" v="3.7227"/>
    <tag k="ele" v="-1.2038"/>
  </node>
  <node id="10199" lat="" lon="">
    <tag k="mgrs_code" v="99XXX0-1000"/>
    <tag k="local_x" v="-62.4847"/>
    <tag k="local_y" v="3.5119"/>
    <tag k="ele" v="-1.2038"/>
  </node>
  <node id="10200" lat="" lon="">
    <tag k="mgrs_code" v="99XXX0-1000"/>
    <tag k="local_x" v="-62.9922"/>
    <tag k="local_y" v="3.2767"/>
    <tag k="ele" v="-1.2038"/>
  </node>
  <node id="10201" lat="" lon="">
    <tag k="mgrs_code" v="99XXX0-1000"/>
    <tag k="local_x" v="-63.4881"/>
    <tag k="local_y" v="3.0176"/>
    <tag k="ele" v="-1.2038"/>
  </node>
  <node id="10202" lat="" lon="">
    <tag k="mgrs_code" v="99XXX0-1000"/>
    <tag k="local_x" v="-63.971"/>
    <tag k="local_y" v="2.7352"/>
    <tag k="ele" v="-1.2038"/>
  </node>
  <node id="10203" lat="" lon="">
    <tag k="mgrs_code" v="99XXX0-1000"/>
    <tag k="local_x" v="-64.4399"/>
    <tag k="local_y" v="2.4301"/>
    <tag k="ele" v="-1.2038"/>
  </node>
  <node id="10204" lat="" lon="">
    <tag k="mgrs_code" v="99XXX0-1000"/>
    <tag k="local_x" v="-64.8938"/>
    <tag k="local_y" v="2.1031"/>
    <tag k="ele" v="-1.2038"/>
  </node>
  <node id="10205" lat="" lon="">
    <tag k="mgrs_code" v="99XXX0-1000"/>
    <tag k="local_x" v="-65.3316"/>
    <tag k="local_y" v="1.7548"/>
    <tag k="ele" v="-1.2038"/>
  </node>
  <node id="10206" lat="" lon="">
    <tag k="mgrs_code" v="99XXX0-1000"/>
    <tag k="local_x" v="-65.7524"/>
    <tag k="local_y" v="1.3861"/>
    <tag k="ele" v="-1.2038"/>
  </node>
  <node id="10207" lat="" lon="">
    <tag k="mgrs_code" v="99XXX0-1000"/>
    <tag k="local_x" v="-66.1551"/>
    <tag k="local_y" v="0.9977"/>
    <tag k="ele" v="-1.2038"/>
  </node>
  <node id="10208" lat="" lon="">
    <tag k="mgrs_code" v="99XXX0-1000"/>
    <tag k="local_x" v="-66.5389"/>
    <tag k="local_y" v="0.5907"/>
    <tag k="ele" v="-1.2038"/>
  </node>
  <node id="10209" lat="" lon="">
    <tag k="mgrs_code" v="99XXX0-1000"/>
    <tag k="local_x" v="-66.9029"/>
    <tag k="local_y" v="0.1658"/>
    <tag k="ele" v="-1.2038"/>
  </node>
  <node id="10210" lat="" lon="">
    <tag k="mgrs_code" v="99XXX0-10-1"/>
    <tag k="local_x" v="-67.2463"/>
    <tag k="local_y" v="-0.2759"/>
    <tag k="ele" v="-1.2038"/>
  </node>
  <node id="10211" lat="" lon="">
    <tag k="mgrs_code" v="99XXX0-10-1"/>
    <tag k="local_x" v="-67.5682"/>
    <tag k="local_y" v="-0.7334"/>
    <tag k="ele" v="-1.2038"/>
  </node>
  <node id="10212" lat="" lon="">
    <tag k="mgrs_code" v="99XXX0-10-1"/>
    <tag k="local_x" v="-67.868"/>
    <tag k="local_y" v="-1.2058"/>
    <tag k="ele" v="-1.2038"/>
  </node>
  <node id="10213" lat="" lon="">
    <tag k="mgrs_code" v="99XXX0-10-1"/>
    <tag k="local_x" v="-68.145"/>
    <tag k="local_y" v="-1.6918"/>
    <tag k="ele" v="-1.2038"/>
  </node>
  <node id="10214" lat="" lon="">
    <tag k="mgrs_code" v="99XXX0-10-1"/>
    <tag k="local_x" v="-68.3986"/>
    <tag k="local_y" v="-2.1905"/>
    <tag k="ele" v="-1.2038"/>
  </node>
  <node id="10215" lat="" lon="">
    <tag k="mgrs_code" v="99XXX0-10-1"/>
    <tag k="local_x" v="-68.6281"/>
    <tag k="local_y" v="-2.7007"/>
    <tag k="ele" v="-1.2038"/>
  </node>
  <node id="10216" lat="" lon="">
    <tag k="mgrs_code" v="99XXX0-10-1"/>
    <tag k="local_x" v="-68.8331"/>
    <tag k="local_y" v="-3.2213"/>
    <tag k="ele" v="-1.2038"/>
  </node>
  <node id="10217" lat="" lon="">
    <tag k="mgrs_code" v="99XXX0-10-1"/>
    <tag k="local_x" v="-69.0131"/>
    <tag k="local_y" v="-3.751"/>
    <tag k="ele" v="-1.2038"/>
  </node>
  <node id="10218" lat="" lon="">
    <tag k="mgrs_code" v="99XXX0-10-1"/>
    <tag k="local_x" v="-69.1677"/>
    <tag k="local_y" v="-4.2887"/>
    <tag k="ele" v="-1.2038"/>
  </node>
  <node id="10219" lat="" lon="">
    <tag k="mgrs_code" v="99XXX0-10-1"/>
    <tag k="local_x" v="-69.2965"/>
    <tag k="local_y" v="-4.8332"/>
    <tag k="ele" v="-1.2038"/>
  </node>
  <node id="10220" lat="" lon="">
    <tag k="mgrs_code" v="99XXX0-10-1"/>
    <tag k="local_x" v="-69.3992"/>
    <tag k="local_y" v="-5.3831"/>
    <tag k="ele" v="-1.2038"/>
  </node>
  <node id="10221" lat="" lon="">
    <tag k="mgrs_code" v="99XXX0-10-1"/>
    <tag k="local_x" v="-69.4757"/>
    <tag k="local_y" v="-5.9373"/>
    <tag k="ele" v="-1.2038"/>
  </node>
  <node id="10222" lat="" lon="">
    <tag k="mgrs_code" v="99XXX0-10-1"/>
    <tag k="local_x" v="-69.5232"/>
    <tag k="local_y" v="-6.4621"/>
    <tag k="ele" v="-1.2038"/>
  </node>
  <way id="10">
    <nd ref="8"/>
    <nd ref="9"/>
    <tag k="type" v="line_thin"/>
    <tag k="subtype" v="solid"/>
  </way>
  <way id="13">
    <nd ref="11"/>
    <nd ref="12"/>
    <tag k="type" v="line_thin"/>
    <tag k="subtype" v="dashed"/>
  </way>
  <way id="24">
    <nd ref="22"/>
    <nd ref="23"/>
    <tag k="type" v="line_thin"/>
    <tag k="subtype" v="solid"/>
  </way>
  <way id="32">
    <nd ref="30"/>
    <nd ref="31"/>
    <tag k="type" v="line_thin"/>
    <tag k="subtype" v="solid"/>
  </way>
  <way id="39">
    <nd ref="37"/>
    <nd ref="38"/>
    <tag k="type" v="line_thin"/>
    <tag k="subtype" v="solid"/>
  </way>
  <way id="42">
    <nd ref="40"/>
    <nd ref="41"/>
    <tag k="type" v="line_thin"/>
    <tag k="subtype" v="dashed"/>
    <tag k="lane_change" v="yes"/>
  </way>
  <way id="54">
    <nd ref="52"/>
    <nd ref="53"/>
    <tag k="type" v="line_thin"/>
    <tag k="subtype" v="solid"/>
  </way>
  <way id="61">
    <nd ref="59"/>
    <nd ref="60"/>
    <tag k="type" v="line_thin"/>
    <tag k="subtype" v="solid"/>
  </way>
  <way id="64">
    <nd ref="62"/>
    <nd ref="63"/>
    <tag k="type" v="line_thin"/>
    <tag k="subtype" v="dashed"/>
    <tag k="lane_change" v="yes"/>
  </way>
  <way id="73">
    <nd ref="67"/>
    <nd ref="68"/>
    <tag k="type" v="line_thin"/>
    <tag k="subtype" v="solid"/>
  </way>
  <way id="74">
    <nd ref="69"/>
    <nd ref="70"/>
    <tag k="type" v="line_thin"/>
    <tag k="subtype" v="dashed"/>
    <tag k="lane_change" v="yes"/>
  </way>
  <way id="75">
    <nd ref="71"/>
    <nd ref="72"/>
    <tag k="type" v="line_thin"/>
    <tag k="subtype" v="solid"/>
  </way>
  <way id="84">
    <nd ref="78"/>
    <nd ref="79"/>
    <nd ref="7191"/>
    <tag k="type" v="line_thin"/>
    <tag k="subtype" v="dashed"/>
  </way>
  <way id="85">
    <nd ref="80"/>
    <nd ref="81"/>
    <tag k="type" v="line_thin"/>
    <tag k="subtype" v="solid"/>
  </way>
  <way id="86">
    <nd ref="82"/>
    <nd ref="83"/>
    <tag k="type" v="line_thin"/>
    <tag k="subtype" v="solid"/>
  </way>
  <way id="95">
    <nd ref="89"/>
    <nd ref="90"/>
    <nd ref="7802"/>
    <tag k="type" v="line_thin"/>
    <tag k="subtype" v="solid"/>
  </way>
  <way id="96">
    <nd ref="91"/>
    <nd ref="92"/>
    <nd ref="7814"/>
    <tag k="type" v="line_thin"/>
    <tag k="subtype" v="solid"/>
  </way>
  <way id="97">
    <nd ref="93"/>
    <nd ref="94"/>
    <tag k="type" v="line_thin"/>
    <tag k="subtype" v="solid"/>
  </way>
  <way id="102">
    <nd ref="100"/>
    <nd ref="101"/>
    <tag k="type" v="line_thin"/>
    <tag k="subtype" v="solid"/>
  </way>
  <way id="105">
    <nd ref="103"/>
    <nd ref="104"/>
    <tag k="type" v="line_thin"/>
    <tag k="subtype" v="solid"/>
  </way>
  <way id="109">
    <nd ref="107"/>
    <nd ref="108"/>
    <tag k="type" v="line_thin"/>
    <tag k="subtype" v="solid"/>
  </way>
  <way id="122">
    <nd ref="120"/>
    <nd ref="121"/>
    <tag k="type" v="line_thin"/>
    <tag k="subtype" v="solid"/>
  </way>
  <way id="125">
    <nd ref="7719"/>
    <nd ref="123"/>
    <nd ref="124"/>
    <tag k="type" v="line_thin"/>
    <tag k="subtype" v="solid"/>
  </way>
  <way id="128">
    <nd ref="126"/>
    <nd ref="127"/>
    <tag k="type" v="line_thin"/>
    <tag k="subtype" v="solid"/>
  </way>
  <way id="135">
    <nd ref="7735"/>
    <nd ref="133"/>
    <nd ref="134"/>
    <tag k="type" v="line_thin"/>
    <tag k="subtype" v="solid"/>
  </way>
  <way id="138">
    <nd ref="136"/>
    <nd ref="137"/>
    <tag k="type" v="line_thin"/>
    <tag k="subtype" v="dashed"/>
  </way>
  <way id="148">
    <nd ref="146"/>
    <nd ref="147"/>
    <nd ref="7084"/>
    <tag k="type" v="line_thin"/>
    <tag k="subtype" v="solid"/>
  </way>
  <way id="151">
    <nd ref="149"/>
    <nd ref="150"/>
    <tag k="type" v="line_thin"/>
    <tag k="subtype" v="solid"/>
  </way>
  <way id="158">
    <nd ref="156"/>
    <nd ref="157"/>
    <tag k="type" v="line_thin"/>
    <tag k="subtype" v="solid"/>
  </way>
  <way id="161">
    <nd ref="159"/>
    <nd ref="160"/>
    <tag k="type" v="line_thin"/>
    <tag k="subtype" v="solid"/>
  </way>
  <way id="166">
    <nd ref="164"/>
    <nd ref="165"/>
    <tag k="type" v="line_thin"/>
    <tag k="subtype" v="solid"/>
  </way>
  <way id="169">
    <nd ref="167"/>
    <nd ref="168"/>
    <tag k="type" v="line_thin"/>
    <tag k="subtype" v="solid"/>
  </way>
  <way id="172">
    <nd ref="170"/>
    <nd ref="171"/>
    <tag k="type" v="line_thin"/>
    <tag k="subtype" v="solid"/>
  </way>
  <way id="175">
    <nd ref="173"/>
    <nd ref="174"/>
    <tag k="type" v="line_thin"/>
    <tag k="subtype" v="solid"/>
  </way>
  <way id="178">
    <nd ref="176"/>
    <nd ref="177"/>
    <tag k="type" v="line_thin"/>
    <tag k="subtype" v="solid"/>
  </way>
  <way id="181">
    <nd ref="179"/>
    <nd ref="180"/>
    <tag k="type" v="line_thin"/>
    <tag k="subtype" v="solid"/>
  </way>
  <way id="188">
    <nd ref="186"/>
    <nd ref="187"/>
    <tag k="type" v="line_thin"/>
    <tag k="subtype" v="solid"/>
  </way>
  <way id="191">
    <nd ref="189"/>
    <nd ref="190"/>
    <tag k="type" v="line_thin"/>
    <tag k="subtype" v="solid"/>
  </way>
  <way id="194">
    <nd ref="192"/>
    <nd ref="193"/>
    <tag k="type" v="line_thin"/>
    <tag k="subtype" v="solid"/>
  </way>
  <way id="197">
    <nd ref="195"/>
    <nd ref="196"/>
    <tag k="type" v="line_thin"/>
    <tag k="subtype" v="solid"/>
  </way>
  <way id="200">
    <nd ref="198"/>
    <nd ref="199"/>
    <tag k="type" v="line_thin"/>
    <tag k="subtype" v="solid"/>
  </way>
  <way id="203">
    <nd ref="201"/>
    <nd ref="202"/>
    <tag k="type" v="line_thin"/>
    <tag k="subtype" v="solid"/>
  </way>
  <way id="206">
    <nd ref="204"/>
    <nd ref="205"/>
    <tag k="type" v="line_thin"/>
    <tag k="subtype" v="solid"/>
  </way>
  <way id="209">
    <nd ref="207"/>
    <nd ref="208"/>
    <tag k="type" v="line_thin"/>
    <tag k="subtype" v="solid"/>
  </way>
  <way id="212">
    <nd ref="210"/>
    <nd ref="211"/>
    <tag k="type" v="line_thin"/>
    <tag k="subtype" v="solid"/>
  </way>
  <way id="215">
    <nd ref="213"/>
    <nd ref="214"/>
    <tag k="type" v="line_thin"/>
    <tag k="subtype" v="solid"/>
  </way>
  <way id="5600">
    <nd ref="5598"/>
    <nd ref="5599"/>
    <tag k="type" v="line_thin"/>
    <tag k="subtype" v="solid"/>
  </way>
  <way id="5603">
    <nd ref="5601"/>
    <nd ref="5602"/>
    <tag k="type" v="line_thin"/>
    <tag k="subtype" v="solid"/>
  </way>
  <way id="5606">
    <nd ref="201"/>
    <nd ref="5599"/>
    <tag k="type" v="line_thin"/>
    <tag k="subtype" v="solid"/>
  </way>
  <way id="5607">
    <nd ref="198"/>
    <nd ref="196"/>
    <tag k="type" v="line_thin"/>
    <tag k="subtype" v="solid"/>
  </way>
  <way id="5627">
    <nd ref="5599"/>
    <nd ref="5609"/>
    <nd ref="5610"/>
    <nd ref="5611"/>
    <nd ref="5612"/>
    <nd ref="5613"/>
    <nd ref="5614"/>
    <nd ref="5615"/>
    <nd ref="5616"/>
    <nd ref="5617"/>
    <nd ref="201"/>
    <tag k="type" v="line_thin"/>
    <tag k="subtype" v="solid"/>
  </way>
  <way id="5628">
    <nd ref="5602"/>
    <nd ref="5618"/>
    <nd ref="5619"/>
    <nd ref="5620"/>
    <nd ref="5621"/>
    <nd ref="5622"/>
    <nd ref="5623"/>
    <nd ref="5624"/>
    <nd ref="5625"/>
    <nd ref="5626"/>
    <nd ref="204"/>
    <tag k="type" v="line_thin"/>
    <tag k="subtype" v="solid"/>
  </way>
  <way id="6979">
    <nd ref="136"/>
    <nd ref="134"/>
    <tag k="type" v="line_thin"/>
    <tag k="subtype" v="solid"/>
  </way>
  <way id="6980">
    <nd ref="126"/>
    <nd ref="124"/>
    <tag k="type" v="line_thin"/>
    <tag k="subtype" v="solid"/>
  </way>
  <way id="7086">
    <nd ref="7084"/>
    <nd ref="7085"/>
    <nd ref="7087"/>
    <nd ref="7088"/>
    <nd ref="7089"/>
    <nd ref="149"/>
    <tag k="type" v="line_thin"/>
    <tag k="subtype" v="solid"/>
  </way>
  <way id="7189">
    <nd ref="81"/>
    <nd ref="7160"/>
    <nd ref="7161"/>
    <nd ref="7162"/>
    <nd ref="7163"/>
    <nd ref="7164"/>
    <nd ref="7165"/>
    <nd ref="7166"/>
    <nd ref="7167"/>
    <nd ref="7168"/>
    <nd ref="7169"/>
    <nd ref="7170"/>
    <nd ref="7171"/>
    <nd ref="7172"/>
    <nd ref="7173"/>
    <nd ref="7174"/>
    <nd ref="7175"/>
    <nd ref="7176"/>
    <nd ref="7177"/>
    <nd ref="7178"/>
    <nd ref="7179"/>
    <nd ref="7180"/>
    <nd ref="7181"/>
    <nd ref="7182"/>
    <nd ref="7183"/>
    <nd ref="7184"/>
    <nd ref="7185"/>
    <nd ref="7186"/>
    <nd ref="7187"/>
    <nd ref="149"/>
    <tag k="type" v="line_thin"/>
    <tag k="subtype" v="solid"/>
  </way>
  <way id="7193">
    <nd ref="7191"/>
    <nd ref="7192"/>
    <nd ref="7194"/>
    <nd ref="7195"/>
    <nd ref="7196"/>
    <nd ref="7197"/>
    <nd ref="7198"/>
    <nd ref="7199"/>
    <nd ref="7200"/>
    <nd ref="7201"/>
    <nd ref="7202"/>
    <nd ref="136"/>
    <tag k="type" v="line_thin"/>
    <tag k="subtype" v="solid"/>
  </way>
  <way id="7552">
    <nd ref="7191"/>
    <nd ref="7514"/>
    <nd ref="7515"/>
    <nd ref="7516"/>
    <nd ref="7517"/>
    <nd ref="7518"/>
    <nd ref="7519"/>
    <nd ref="7520"/>
    <nd ref="7521"/>
    <nd ref="7522"/>
    <nd ref="7523"/>
    <nd ref="7524"/>
    <nd ref="7525"/>
    <nd ref="7526"/>
    <nd ref="7527"/>
    <nd ref="7528"/>
    <nd ref="7529"/>
    <nd ref="7530"/>
    <nd ref="7531"/>
    <nd ref="7532"/>
    <nd ref="134"/>
    <tag k="type" v="line_thin"/>
    <tag k="subtype" v="solid"/>
  </way>
  <way id="7553">
    <nd ref="81"/>
    <nd ref="7533"/>
    <nd ref="7534"/>
    <nd ref="7535"/>
    <nd ref="7536"/>
    <nd ref="7537"/>
    <nd ref="7538"/>
    <nd ref="7539"/>
    <nd ref="7540"/>
    <nd ref="7541"/>
    <nd ref="7542"/>
    <nd ref="7543"/>
    <nd ref="7544"/>
    <nd ref="7545"/>
    <nd ref="7546"/>
    <nd ref="7547"/>
    <nd ref="7548"/>
    <nd ref="7549"/>
    <nd ref="7550"/>
    <nd ref="7551"/>
    <nd ref="124"/>
    <tag k="type" v="line_thin"/>
    <tag k="subtype" v="solid"/>
  </way>
  <way id="7601">
    <nd ref="134"/>
    <nd ref="7555"/>
    <nd ref="7556"/>
    <nd ref="7557"/>
    <nd ref="7558"/>
    <nd ref="7559"/>
    <nd ref="7560"/>
    <nd ref="7561"/>
    <nd ref="7562"/>
    <nd ref="7563"/>
    <nd ref="7564"/>
    <nd ref="7565"/>
    <nd ref="7566"/>
    <nd ref="7567"/>
    <nd ref="7568"/>
    <nd ref="7569"/>
    <nd ref="7570"/>
    <nd ref="7571"/>
    <nd ref="7572"/>
    <nd ref="7573"/>
    <nd ref="7574"/>
    <nd ref="7575"/>
    <nd ref="7576"/>
    <nd ref="7577"/>
    <nd ref="7191"/>
    <tag k="type" v="line_thin"/>
    <tag k="subtype" v="solid"/>
  </way>
  <way id="7602">
    <nd ref="7084"/>
    <nd ref="7578"/>
    <nd ref="7579"/>
    <nd ref="7580"/>
    <nd ref="7581"/>
    <nd ref="7582"/>
    <nd ref="7583"/>
    <nd ref="7584"/>
    <nd ref="7585"/>
    <nd ref="7586"/>
    <nd ref="7587"/>
    <nd ref="7588"/>
    <nd ref="7589"/>
    <nd ref="7590"/>
    <nd ref="7591"/>
    <nd ref="7592"/>
    <nd ref="7593"/>
    <nd ref="7594"/>
    <nd ref="7595"/>
    <nd ref="7596"/>
    <nd ref="7597"/>
    <nd ref="7598"/>
    <nd ref="7599"/>
    <nd ref="7600"/>
    <nd ref="82"/>
    <tag k="type" v="line_thin"/>
    <tag k="subtype" v="solid"/>
  </way>
  <way id="7804">
    <nd ref="7802"/>
    <nd ref="7803"/>
    <nd ref="7805"/>
    <nd ref="7806"/>
    <nd ref="7807"/>
    <nd ref="7808"/>
    <nd ref="7809"/>
    <nd ref="7810"/>
    <nd ref="7811"/>
    <nd ref="7812"/>
    <nd ref="7813"/>
    <nd ref="7735"/>
    <tag k="type" v="line_thin"/>
    <tag k="subtype" v="solid"/>
  </way>
  <way id="7816">
    <nd ref="7814"/>
    <nd ref="7815"/>
    <nd ref="7817"/>
    <nd ref="7818"/>
    <nd ref="7819"/>
    <nd ref="7820"/>
    <nd ref="7821"/>
    <nd ref="7822"/>
    <nd ref="7823"/>
    <nd ref="7824"/>
    <nd ref="7825"/>
    <nd ref="146"/>
    <tag k="type" v="line_thin"/>
    <tag k="subtype" v="solid"/>
  </way>
  <way id="7887">
    <nd ref="7885"/>
    <nd ref="7886"/>
    <nd ref="7888"/>
    <nd ref="7889"/>
    <nd ref="7890"/>
    <nd ref="7891"/>
    <nd ref="7892"/>
    <tag k="type" v="line_thin"/>
    <tag k="subtype" v="solid"/>
  </way>
  <way id="7895">
    <nd ref="7893"/>
    <nd ref="7894"/>
    <nd ref="7896"/>
    <nd ref="7897"/>
    <nd ref="7898"/>
    <nd ref="7899"/>
    <nd ref="7900"/>
    <nd ref="7901"/>
    <nd ref="7902"/>
    <tag k="type" v="line_thin"/>
    <tag k="subtype" v="solid"/>
  </way>
  <way id="7904">
    <nd ref="7802"/>
    <nd ref="7893"/>
    <tag k="type" v="line_thin"/>
    <tag k="subtype" v="solid"/>
  </way>
  <way id="7905">
    <nd ref="7814"/>
    <nd ref="7885"/>
    <tag k="type" v="line_thin"/>
    <tag k="subtype" v="solid"/>
  </way>
  <way id="7907">
    <nd ref="7902"/>
    <nd ref="157"/>
    <tag k="type" v="line_thin"/>
    <tag k="subtype" v="solid"/>
  </way>
  <way id="7908">
    <nd ref="7892"/>
    <nd ref="121"/>
    <tag k="type" v="line_thin"/>
    <tag k="subtype" v="solid"/>
  </way>
  <way id="7912">
    <nd ref="7910"/>
    <nd ref="7911"/>
    <nd ref="7913"/>
    <nd ref="7914"/>
    <nd ref="7915"/>
    <nd ref="7916"/>
    <nd ref="7917"/>
    <nd ref="7918"/>
    <nd ref="7919"/>
    <tag k="type" v="line_thin"/>
    <tag k="subtype" v="solid"/>
  </way>
  <way id="7922">
    <nd ref="7920"/>
    <nd ref="7921"/>
    <nd ref="7923"/>
    <nd ref="7924"/>
    <nd ref="7925"/>
    <nd ref="7926"/>
    <nd ref="7927"/>
    <nd ref="7928"/>
    <nd ref="7929"/>
    <nd ref="7930"/>
    <nd ref="7931"/>
    <nd ref="7932"/>
    <tag k="type" v="line_thin"/>
    <tag k="subtype" v="solid"/>
  </way>
  <way id="7999">
    <nd ref="157"/>
    <nd ref="7910"/>
    <tag k="type" v="line_thin"/>
    <tag k="subtype" v="solid"/>
  </way>
  <way id="8000">
    <nd ref="160"/>
    <nd ref="7920"/>
    <tag k="type" v="line_thin"/>
    <tag k="subtype" v="solid"/>
  </way>
  <way id="8002">
    <nd ref="7919"/>
    <nd ref="7802"/>
    <tag k="type" v="line_thin"/>
    <tag k="subtype" v="solid"/>
  </way>
  <way id="8003">
    <nd ref="7932"/>
    <nd ref="93"/>
    <tag k="type" v="line_thin"/>
    <tag k="subtype" v="solid"/>
  </way>
  <way id="8008">
    <nd ref="8006"/>
    <nd ref="8007"/>
    <nd ref="8009"/>
    <nd ref="8010"/>
    <nd ref="8011"/>
    <nd ref="8012"/>
    <nd ref="8013"/>
    <nd ref="8014"/>
    <tag k="type" v="line_thin"/>
    <tag k="subtype" v="solid"/>
  </way>
  <way id="8017">
    <nd ref="8015"/>
    <nd ref="8016"/>
    <nd ref="8018"/>
    <nd ref="8019"/>
    <nd ref="8020"/>
    <nd ref="8021"/>
    <nd ref="8022"/>
    <nd ref="8023"/>
    <nd ref="8024"/>
    <nd ref="8025"/>
    <nd ref="8026"/>
    <nd ref="8027"/>
    <nd ref="8028"/>
    <tag k="type" v="line_thin"/>
    <tag k="subtype" v="solid"/>
  </way>
  <way id="8030">
    <nd ref="156"/>
    <nd ref="8028"/>
    <tag k="type" v="line_thin"/>
    <tag k="subtype" v="solid"/>
  </way>
  <way id="8031">
    <nd ref="120"/>
    <nd ref="8014"/>
    <tag k="type" v="line_thin"/>
    <tag k="subtype" v="solid"/>
  </way>
  <way id="8033">
    <nd ref="8015"/>
    <nd ref="104"/>
    <tag k="type" v="line_thin"/>
    <tag k="subtype" v="solid"/>
  </way>
  <way id="8034">
    <nd ref="8006"/>
    <nd ref="107"/>
    <tag k="type" v="line_thin"/>
    <tag k="subtype" v="solid"/>
  </way>
  <way id="8038">
    <nd ref="8036"/>
    <nd ref="8037"/>
    <nd ref="8039"/>
    <nd ref="8040"/>
    <nd ref="8041"/>
    <nd ref="8042"/>
    <nd ref="8043"/>
    <nd ref="8044"/>
    <nd ref="8045"/>
    <nd ref="8046"/>
    <nd ref="8047"/>
    <tag k="type" v="line_thin"/>
    <tag k="subtype" v="solid"/>
  </way>
  <way id="8050">
    <nd ref="8048"/>
    <nd ref="8049"/>
    <nd ref="8051"/>
    <nd ref="8052"/>
    <nd ref="8053"/>
    <nd ref="8054"/>
    <nd ref="8055"/>
    <nd ref="8056"/>
    <nd ref="8057"/>
    <nd ref="8058"/>
    <nd ref="8059"/>
    <nd ref="8060"/>
    <nd ref="8061"/>
    <nd ref="8062"/>
    <nd ref="8063"/>
    <tag k="type" v="line_thin"/>
    <tag k="subtype" v="solid"/>
  </way>
  <way id="8285">
    <nd ref="104"/>
    <nd ref="8036"/>
    <tag k="type" v="line_thin"/>
    <tag k="subtype" v="solid"/>
  </way>
  <way id="8286">
    <nd ref="101"/>
    <nd ref="8048"/>
    <tag k="type" v="line_thin"/>
    <tag k="subtype" v="solid"/>
  </way>
  <way id="8288">
    <nd ref="8047"/>
    <nd ref="156"/>
    <tag k="type" v="line_thin"/>
    <tag k="subtype" v="solid"/>
  </way>
  <way id="8289">
    <nd ref="8063"/>
    <nd ref="159"/>
    <tag k="type" v="line_thin"/>
    <tag k="subtype" v="solid"/>
  </way>
  <way id="8293">
    <nd ref="8291"/>
    <nd ref="8292"/>
    <nd ref="8294"/>
    <nd ref="8295"/>
    <nd ref="8296"/>
    <nd ref="8297"/>
    <nd ref="8298"/>
    <tag k="type" v="line_thin"/>
    <tag k="subtype" v="solid"/>
  </way>
  <way id="8301">
    <nd ref="8299"/>
    <nd ref="8300"/>
    <nd ref="8302"/>
    <nd ref="8303"/>
    <nd ref="8304"/>
    <nd ref="8305"/>
    <nd ref="8306"/>
    <nd ref="8307"/>
    <nd ref="8308"/>
    <tag k="type" v="line_thin"/>
    <tag k="subtype" v="solid"/>
  </way>
  <way id="8310">
    <nd ref="103"/>
    <nd ref="8299"/>
    <tag k="type" v="line_thin"/>
    <tag k="subtype" v="solid"/>
  </way>
  <way id="8311">
    <nd ref="108"/>
    <nd ref="8291"/>
    <tag k="type" v="line_thin"/>
    <tag k="subtype" v="solid"/>
  </way>
  <way id="8313">
    <nd ref="8308"/>
    <nd ref="210"/>
    <tag k="type" v="line_thin"/>
    <tag k="subtype" v="solid"/>
  </way>
  <way id="8314">
    <nd ref="8298"/>
    <nd ref="213"/>
    <tag k="type" v="line_thin"/>
    <tag k="subtype" v="solid"/>
  </way>
  <way id="8318">
    <nd ref="8316"/>
    <nd ref="8317"/>
    <nd ref="8319"/>
    <nd ref="8320"/>
    <nd ref="8321"/>
    <nd ref="8322"/>
    <nd ref="8323"/>
    <tag k="type" v="line_thin"/>
    <tag k="subtype" v="solid"/>
  </way>
  <way id="8326">
    <nd ref="8324"/>
    <nd ref="8325"/>
    <nd ref="8327"/>
    <nd ref="8328"/>
    <nd ref="8329"/>
    <nd ref="8330"/>
    <nd ref="8331"/>
    <nd ref="8332"/>
    <nd ref="8333"/>
    <nd ref="8334"/>
    <nd ref="8335"/>
    <nd ref="8336"/>
    <tag k="type" v="line_thin"/>
    <tag k="subtype" v="solid"/>
  </way>
  <way id="8338">
    <nd ref="210"/>
    <nd ref="8316"/>
    <tag k="type" v="line_thin"/>
    <tag k="subtype" v="solid"/>
  </way>
  <way id="8339">
    <nd ref="207"/>
    <nd ref="8324"/>
    <tag k="type" v="line_thin"/>
    <tag k="subtype" v="solid"/>
  </way>
  <way id="8341">
    <nd ref="8323"/>
    <nd ref="103"/>
    <tag k="type" v="line_thin"/>
    <tag k="subtype" v="solid"/>
  </way>
  <way id="8342">
    <nd ref="8336"/>
    <nd ref="100"/>
    <tag k="type" v="line_thin"/>
    <tag k="subtype" v="solid"/>
  </way>
  <way id="8346">
    <nd ref="8344"/>
    <nd ref="8345"/>
    <nd ref="8347"/>
    <nd ref="8348"/>
    <nd ref="8349"/>
    <nd ref="8350"/>
    <tag k="type" v="line_thin"/>
    <tag k="subtype" v="solid"/>
  </way>
  <way id="8353">
    <nd ref="8351"/>
    <nd ref="8352"/>
    <nd ref="8354"/>
    <nd ref="8355"/>
    <nd ref="8356"/>
    <nd ref="8357"/>
    <nd ref="8358"/>
    <nd ref="8359"/>
    <tag k="type" v="line_thin"/>
    <tag k="subtype" v="solid"/>
  </way>
  <way id="8392">
    <nd ref="12"/>
    <nd ref="8351"/>
    <tag k="type" v="line_thin"/>
    <tag k="subtype" v="solid"/>
  </way>
  <way id="8393">
    <nd ref="9"/>
    <nd ref="8344"/>
    <tag k="type" v="line_thin"/>
    <tag k="subtype" v="solid"/>
  </way>
  <way id="8395">
    <nd ref="8359"/>
    <nd ref="211"/>
    <tag k="type" v="line_thin"/>
    <tag k="subtype" v="solid"/>
  </way>
  <way id="8396">
    <nd ref="8350"/>
    <nd ref="208"/>
    <tag k="type" v="line_thin"/>
    <tag k="subtype" v="solid"/>
  </way>
  <way id="8400">
    <nd ref="8398"/>
    <nd ref="8399"/>
    <nd ref="8401"/>
    <nd ref="8402"/>
    <nd ref="8403"/>
    <tag k="type" v="line_thin"/>
    <tag k="subtype" v="solid"/>
  </way>
  <way id="8406">
    <nd ref="8404"/>
    <nd ref="8405"/>
    <nd ref="8407"/>
    <nd ref="8408"/>
    <nd ref="8409"/>
    <nd ref="8410"/>
    <nd ref="8411"/>
    <tag k="type" v="line_thin"/>
    <tag k="subtype" v="solid"/>
  </way>
  <way id="8413">
    <nd ref="211"/>
    <nd ref="8404"/>
    <tag k="type" v="line_thin"/>
    <tag k="subtype" v="solid"/>
  </way>
  <way id="8414">
    <nd ref="214"/>
    <nd ref="8398"/>
    <tag k="type" v="line_thin"/>
    <tag k="subtype" v="solid"/>
  </way>
  <way id="8416">
    <nd ref="8411"/>
    <nd ref="89"/>
    <tag k="type" v="line_thin"/>
    <tag k="subtype" v="solid"/>
  </way>
  <way id="8417">
    <nd ref="8403"/>
    <nd ref="91"/>
    <tag k="type" v="line_thin"/>
    <tag k="subtype" v="solid"/>
  </way>
  <way id="8421">
    <nd ref="8419"/>
    <nd ref="8420"/>
    <nd ref="8422"/>
    <nd ref="8423"/>
    <nd ref="8424"/>
    <nd ref="8425"/>
    <nd ref="8426"/>
    <tag k="type" v="line_thin"/>
    <tag k="subtype" v="solid"/>
  </way>
  <way id="8429">
    <nd ref="8427"/>
    <nd ref="8428"/>
    <nd ref="8430"/>
    <nd ref="8431"/>
    <nd ref="8432"/>
    <nd ref="8433"/>
    <nd ref="8434"/>
    <nd ref="8435"/>
    <nd ref="8436"/>
    <nd ref="8437"/>
    <tag k="type" v="line_thin"/>
    <tag k="subtype" v="solid"/>
  </way>
  <way id="8520">
    <nd ref="211"/>
    <nd ref="8419"/>
    <tag k="type" v="line_thin"/>
    <tag k="subtype" v="solid"/>
  </way>
  <way id="8521">
    <nd ref="214"/>
    <nd ref="8427"/>
    <tag k="type" v="line_thin"/>
    <tag k="subtype" v="solid"/>
  </way>
  <way id="8523">
    <nd ref="8426"/>
    <nd ref="12"/>
    <tag k="type" v="line_thin"/>
    <tag k="subtype" v="solid"/>
  </way>
  <way id="8524">
    <nd ref="8437"/>
    <nd ref="22"/>
    <tag k="type" v="line_thin"/>
    <tag k="subtype" v="solid"/>
  </way>
  <way id="8528">
    <nd ref="8526"/>
    <nd ref="8527"/>
    <nd ref="8529"/>
    <nd ref="8530"/>
    <nd ref="8531"/>
    <nd ref="8532"/>
    <tag k="type" v="line_thin"/>
    <tag k="subtype" v="solid"/>
  </way>
  <way id="8535">
    <nd ref="8533"/>
    <nd ref="8534"/>
    <nd ref="8536"/>
    <nd ref="8537"/>
    <nd ref="8538"/>
    <nd ref="8539"/>
    <nd ref="8540"/>
    <nd ref="8541"/>
    <tag k="type" v="line_thin"/>
    <tag k="subtype" v="solid"/>
  </way>
  <way id="8584">
    <nd ref="89"/>
    <nd ref="8526"/>
    <tag k="type" v="line_thin"/>
    <tag k="subtype" v="solid"/>
  </way>
  <way id="8585">
    <nd ref="94"/>
    <nd ref="8533"/>
    <tag k="type" v="line_thin"/>
    <tag k="subtype" v="solid"/>
  </way>
  <way id="8587">
    <nd ref="8532"/>
    <nd ref="211"/>
    <tag k="type" v="line_thin"/>
    <tag k="subtype" v="solid"/>
  </way>
  <way id="8588">
    <nd ref="8541"/>
    <nd ref="208"/>
    <tag k="type" v="line_thin"/>
    <tag k="subtype" v="solid"/>
  </way>
  <way id="8592">
    <nd ref="8590"/>
    <nd ref="8591"/>
    <nd ref="8593"/>
    <nd ref="8594"/>
    <nd ref="8595"/>
    <nd ref="8596"/>
    <tag k="type" v="line_thin"/>
    <tag k="subtype" v="solid"/>
  </way>
  <way id="8599">
    <nd ref="8597"/>
    <nd ref="8598"/>
    <nd ref="8600"/>
    <nd ref="8601"/>
    <nd ref="8602"/>
    <nd ref="8603"/>
    <nd ref="8604"/>
    <tag k="type" v="line_thin"/>
    <tag k="subtype" v="solid"/>
  </way>
  <way id="8606">
    <nd ref="89"/>
    <nd ref="8597"/>
    <tag k="type" v="line_thin"/>
    <tag k="subtype" v="solid"/>
  </way>
  <way id="8607">
    <nd ref="94"/>
    <nd ref="8590"/>
    <tag k="type" v="line_thin"/>
    <tag k="subtype" v="solid"/>
  </way>
  <way id="8609">
    <nd ref="8604"/>
    <nd ref="192"/>
    <tag k="type" v="line_thin"/>
    <tag k="subtype" v="solid"/>
  </way>
  <way id="8610">
    <nd ref="8596"/>
    <nd ref="189"/>
    <tag k="type" v="line_thin"/>
    <tag k="subtype" v="solid"/>
  </way>
  <way id="8614">
    <nd ref="8612"/>
    <nd ref="8613"/>
    <nd ref="8615"/>
    <nd ref="8616"/>
    <nd ref="8617"/>
    <nd ref="8618"/>
    <nd ref="8619"/>
    <nd ref="8620"/>
    <tag k="type" v="line_thin"/>
    <tag k="subtype" v="solid"/>
  </way>
  <way id="8623">
    <nd ref="8621"/>
    <nd ref="8622"/>
    <nd ref="8624"/>
    <nd ref="8625"/>
    <nd ref="8626"/>
    <nd ref="8627"/>
    <nd ref="8628"/>
    <nd ref="8629"/>
    <nd ref="8630"/>
    <nd ref="8631"/>
    <tag k="type" v="line_thin"/>
    <tag k="subtype" v="solid"/>
  </way>
  <way id="8633">
    <nd ref="192"/>
    <nd ref="8621"/>
    <tag k="type" v="line_thin"/>
    <tag k="subtype" v="solid"/>
  </way>
  <way id="8634">
    <nd ref="186"/>
    <nd ref="8612"/>
    <tag k="type" v="line_thin"/>
    <tag k="subtype" v="solid"/>
  </way>
  <way id="8636">
    <nd ref="8631"/>
    <nd ref="12"/>
    <tag k="type" v="line_thin"/>
    <tag k="subtype" v="solid"/>
  </way>
  <way id="8637">
    <nd ref="8620"/>
    <nd ref="22"/>
    <tag k="type" v="line_thin"/>
    <tag k="subtype" v="solid"/>
  </way>
  <way id="8641">
    <nd ref="8639"/>
    <nd ref="8640"/>
    <nd ref="8642"/>
    <nd ref="8643"/>
    <nd ref="8644"/>
    <nd ref="8645"/>
    <nd ref="8646"/>
    <nd ref="8647"/>
    <nd ref="8648"/>
    <tag k="type" v="line_thin"/>
    <tag k="subtype" v="solid"/>
  </way>
  <way id="8651">
    <nd ref="8649"/>
    <nd ref="8650"/>
    <nd ref="8652"/>
    <nd ref="8653"/>
    <nd ref="8654"/>
    <nd ref="8655"/>
    <nd ref="8656"/>
    <nd ref="8657"/>
    <nd ref="8658"/>
    <nd ref="8659"/>
    <nd ref="8660"/>
    <tag k="type" v="line_thin"/>
    <tag k="subtype" v="solid"/>
  </way>
  <way id="8703">
    <nd ref="8648"/>
    <nd ref="89"/>
    <tag k="type" v="line_thin"/>
    <tag k="subtype" v="solid"/>
  </way>
  <way id="8704">
    <nd ref="8660"/>
    <nd ref="91"/>
    <tag k="type" v="line_thin"/>
    <tag k="subtype" v="solid"/>
  </way>
  <way id="8706">
    <nd ref="192"/>
    <nd ref="8639"/>
    <tag k="type" v="line_thin"/>
    <tag k="subtype" v="solid"/>
  </way>
  <way id="8707">
    <nd ref="186"/>
    <nd ref="8649"/>
    <tag k="type" v="line_thin"/>
    <tag k="subtype" v="solid"/>
  </way>
  <way id="8711">
    <nd ref="8709"/>
    <nd ref="8710"/>
    <nd ref="8712"/>
    <nd ref="8713"/>
    <nd ref="8714"/>
    <nd ref="8715"/>
    <nd ref="8716"/>
    <nd ref="8717"/>
    <tag k="type" v="line_thin"/>
    <tag k="subtype" v="solid"/>
  </way>
  <way id="8720">
    <nd ref="8718"/>
    <nd ref="8719"/>
    <nd ref="8721"/>
    <nd ref="8722"/>
    <nd ref="8723"/>
    <nd ref="8724"/>
    <nd ref="8725"/>
    <nd ref="8726"/>
    <tag k="type" v="line_thin"/>
    <tag k="subtype" v="solid"/>
  </way>
  <way id="8728">
    <nd ref="5598"/>
    <nd ref="8718"/>
    <tag k="type" v="line_thin"/>
    <tag k="subtype" v="solid"/>
  </way>
  <way id="8729">
    <nd ref="195"/>
    <nd ref="8709"/>
    <tag k="type" v="line_thin"/>
    <tag k="subtype" v="solid"/>
  </way>
  <way id="8731">
    <nd ref="8726"/>
    <nd ref="41"/>
    <tag k="type" v="line_thin"/>
    <tag k="subtype" v="solid"/>
  </way>
  <way id="8732">
    <nd ref="8717"/>
    <nd ref="30"/>
    <tag k="type" v="line_thin"/>
    <tag k="subtype" v="solid"/>
  </way>
  <way id="8744">
    <nd ref="8742"/>
    <nd ref="8743"/>
    <nd ref="8745"/>
    <nd ref="8746"/>
    <nd ref="8747"/>
    <nd ref="8748"/>
    <nd ref="8749"/>
    <nd ref="8750"/>
    <tag k="type" v="line_thin"/>
    <tag k="subtype" v="solid"/>
  </way>
  <way id="8753">
    <nd ref="8751"/>
    <nd ref="8752"/>
    <nd ref="8754"/>
    <nd ref="8755"/>
    <nd ref="8756"/>
    <nd ref="8757"/>
    <nd ref="8758"/>
    <nd ref="8759"/>
    <nd ref="8760"/>
    <nd ref="8761"/>
    <tag k="type" v="line_thin"/>
    <tag k="subtype" v="solid"/>
  </way>
  <way id="8822">
    <nd ref="5598"/>
    <nd ref="8742"/>
    <tag k="type" v="line_thin"/>
    <tag k="subtype" v="solid"/>
  </way>
  <way id="8823">
    <nd ref="195"/>
    <nd ref="8751"/>
    <tag k="type" v="line_thin"/>
    <tag k="subtype" v="solid"/>
  </way>
  <way id="8825">
    <nd ref="8750"/>
    <nd ref="78"/>
    <tag k="type" v="line_thin"/>
    <tag k="subtype" v="solid"/>
  </way>
  <way id="8826">
    <nd ref="8761"/>
    <nd ref="80"/>
    <tag k="type" v="line_thin"/>
    <tag k="subtype" v="solid"/>
  </way>
  <way id="8830">
    <nd ref="8828"/>
    <nd ref="8829"/>
    <nd ref="8831"/>
    <nd ref="8832"/>
    <nd ref="8833"/>
    <nd ref="8834"/>
    <nd ref="8835"/>
    <nd ref="8836"/>
    <nd ref="8837"/>
    <tag k="type" v="line_thin"/>
    <tag k="subtype" v="solid"/>
  </way>
  <way id="8840">
    <nd ref="8838"/>
    <nd ref="8839"/>
    <nd ref="8841"/>
    <nd ref="8842"/>
    <nd ref="8843"/>
    <nd ref="8844"/>
    <nd ref="8845"/>
    <nd ref="8846"/>
    <nd ref="8847"/>
    <nd ref="8848"/>
    <tag k="type" v="line_thin"/>
    <tag k="subtype" v="solid"/>
  </way>
  <way id="8850">
    <nd ref="41"/>
    <nd ref="8838"/>
    <tag k="type" v="line_thin"/>
    <tag k="subtype" v="solid"/>
  </way>
  <way id="8851">
    <nd ref="38"/>
    <nd ref="8828"/>
    <tag k="type" v="line_thin"/>
    <tag k="subtype" v="solid"/>
  </way>
  <way id="8853">
    <nd ref="8848"/>
    <nd ref="193"/>
    <tag k="type" v="line_thin"/>
    <tag k="subtype" v="solid"/>
  </way>
  <way id="8854">
    <nd ref="8837"/>
    <nd ref="187"/>
    <tag k="type" v="line_thin"/>
    <tag k="subtype" v="solid"/>
  </way>
  <way id="8858">
    <nd ref="8856"/>
    <nd ref="8857"/>
    <nd ref="8859"/>
    <nd ref="8860"/>
    <nd ref="8861"/>
    <nd ref="8862"/>
    <nd ref="8863"/>
    <nd ref="8864"/>
    <nd ref="8865"/>
    <tag k="type" v="line_thin"/>
    <tag k="subtype" v="solid"/>
  </way>
  <way id="8868">
    <nd ref="8866"/>
    <nd ref="8867"/>
    <nd ref="8869"/>
    <nd ref="8870"/>
    <nd ref="8871"/>
    <nd ref="8872"/>
    <nd ref="8873"/>
    <nd ref="8874"/>
    <nd ref="8875"/>
    <nd ref="8876"/>
    <nd ref="8877"/>
    <tag k="type" v="line_thin"/>
    <tag k="subtype" v="solid"/>
  </way>
  <way id="8922">
    <nd ref="41"/>
    <nd ref="8856"/>
    <tag k="type" v="line_thin"/>
    <tag k="subtype" v="solid"/>
  </way>
  <way id="8923">
    <nd ref="38"/>
    <nd ref="8866"/>
    <tag k="type" v="line_thin"/>
    <tag k="subtype" v="solid"/>
  </way>
  <way id="8925">
    <nd ref="8865"/>
    <nd ref="5598"/>
    <tag k="type" v="line_thin"/>
    <tag k="subtype" v="solid"/>
  </way>
  <way id="8926">
    <nd ref="8877"/>
    <nd ref="5601"/>
    <tag k="type" v="line_thin"/>
    <tag k="subtype" v="solid"/>
  </way>
  <way id="8930">
    <nd ref="8928"/>
    <nd ref="8929"/>
    <nd ref="8931"/>
    <nd ref="8932"/>
    <nd ref="8933"/>
    <nd ref="8934"/>
    <tag k="type" v="line_thin"/>
    <tag k="subtype" v="solid"/>
  </way>
  <way id="8937">
    <nd ref="8935"/>
    <nd ref="8936"/>
    <nd ref="8938"/>
    <nd ref="8939"/>
    <nd ref="8940"/>
    <nd ref="8941"/>
    <nd ref="8942"/>
    <nd ref="8943"/>
    <tag k="type" v="line_thin"/>
    <tag k="subtype" v="solid"/>
  </way>
  <way id="8945">
    <nd ref="193"/>
    <nd ref="8935"/>
    <tag k="type" v="line_thin"/>
    <tag k="subtype" v="solid"/>
  </way>
  <way id="8946">
    <nd ref="190"/>
    <nd ref="8928"/>
    <tag k="type" v="line_thin"/>
    <tag k="subtype" v="solid"/>
  </way>
  <way id="8948">
    <nd ref="8943"/>
    <nd ref="78"/>
    <tag k="type" v="line_thin"/>
    <tag k="subtype" v="solid"/>
  </way>
  <way id="8949">
    <nd ref="8934"/>
    <nd ref="80"/>
    <tag k="type" v="line_thin"/>
    <tag k="subtype" v="solid"/>
  </way>
  <way id="8953">
    <nd ref="8951"/>
    <nd ref="8952"/>
    <nd ref="8954"/>
    <nd ref="8955"/>
    <nd ref="8956"/>
    <nd ref="8957"/>
    <nd ref="8958"/>
    <nd ref="8959"/>
    <tag k="type" v="line_thin"/>
    <tag k="subtype" v="solid"/>
  </way>
  <way id="8962">
    <nd ref="8960"/>
    <nd ref="8961"/>
    <nd ref="8963"/>
    <nd ref="8964"/>
    <nd ref="8965"/>
    <nd ref="8966"/>
    <nd ref="8967"/>
    <nd ref="8968"/>
    <nd ref="8969"/>
    <nd ref="8970"/>
    <tag k="type" v="line_thin"/>
    <tag k="subtype" v="solid"/>
  </way>
  <way id="9019">
    <nd ref="8959"/>
    <nd ref="41"/>
    <tag k="type" v="line_thin"/>
    <tag k="subtype" v="solid"/>
  </way>
  <way id="9020">
    <nd ref="8970"/>
    <nd ref="30"/>
    <tag k="type" v="line_thin"/>
    <tag k="subtype" v="solid"/>
  </way>
  <way id="9022">
    <nd ref="193"/>
    <nd ref="8951"/>
    <tag k="type" v="line_thin"/>
    <tag k="subtype" v="solid"/>
  </way>
  <way id="9023">
    <nd ref="190"/>
    <nd ref="8960"/>
    <tag k="type" v="line_thin"/>
    <tag k="subtype" v="solid"/>
  </way>
  <way id="9027">
    <nd ref="9025"/>
    <nd ref="9026"/>
    <nd ref="9028"/>
    <nd ref="9029"/>
    <nd ref="9030"/>
    <tag k="type" v="line_thin"/>
    <tag k="subtype" v="solid"/>
  </way>
  <way id="9036">
    <nd ref="9034"/>
    <nd ref="9035"/>
    <nd ref="9037"/>
    <nd ref="9038"/>
    <nd ref="9039"/>
    <nd ref="9040"/>
    <tag k="type" v="line_thin"/>
    <tag k="subtype" v="solid"/>
  </way>
  <way id="9042">
    <nd ref="78"/>
    <nd ref="9034"/>
    <tag k="type" v="line_thin"/>
    <tag k="subtype" v="solid"/>
  </way>
  <way id="9043">
    <nd ref="83"/>
    <nd ref="9025"/>
    <tag k="type" v="line_thin"/>
    <tag k="subtype" v="solid"/>
  </way>
  <way id="9045">
    <nd ref="9040"/>
    <nd ref="5598"/>
    <tag k="type" v="line_thin"/>
    <tag k="subtype" v="solid"/>
  </way>
  <way id="9046">
    <nd ref="9030"/>
    <nd ref="5601"/>
    <tag k="type" v="line_thin"/>
    <tag k="subtype" v="solid"/>
  </way>
  <way id="9050">
    <nd ref="9048"/>
    <nd ref="9049"/>
    <nd ref="9051"/>
    <nd ref="9052"/>
    <nd ref="9053"/>
    <nd ref="9054"/>
    <tag k="type" v="line_thin"/>
    <tag k="subtype" v="solid"/>
  </way>
  <way id="9057">
    <nd ref="9055"/>
    <nd ref="9056"/>
    <nd ref="9058"/>
    <nd ref="9059"/>
    <nd ref="9060"/>
    <nd ref="9061"/>
    <nd ref="9062"/>
    <nd ref="9063"/>
    <nd ref="9064"/>
    <nd ref="9065"/>
    <tag k="type" v="line_thin"/>
    <tag k="subtype" v="solid"/>
  </way>
  <way id="9118">
    <nd ref="9054"/>
    <nd ref="193"/>
    <tag k="type" v="line_thin"/>
    <tag k="subtype" v="solid"/>
  </way>
  <way id="9119">
    <nd ref="9065"/>
    <nd ref="187"/>
    <tag k="type" v="line_thin"/>
    <tag k="subtype" v="solid"/>
  </way>
  <way id="9121">
    <nd ref="78"/>
    <nd ref="9048"/>
    <tag k="type" v="line_thin"/>
    <tag k="subtype" v="solid"/>
  </way>
  <way id="9122">
    <nd ref="83"/>
    <nd ref="9055"/>
    <tag k="type" v="line_thin"/>
    <tag k="subtype" v="solid"/>
  </way>
  <way id="9126">
    <nd ref="9124"/>
    <nd ref="9125"/>
    <nd ref="9127"/>
    <nd ref="9128"/>
    <nd ref="9129"/>
    <tag k="type" v="line_thin"/>
    <tag k="subtype" v="solid"/>
  </way>
  <way id="9132">
    <nd ref="9130"/>
    <nd ref="9131"/>
    <nd ref="9133"/>
    <nd ref="9134"/>
    <nd ref="9135"/>
    <nd ref="9136"/>
    <tag k="type" v="line_thin"/>
    <tag k="subtype" v="solid"/>
  </way>
  <way id="9138">
    <nd ref="62"/>
    <nd ref="9130"/>
    <tag k="type" v="line_thin"/>
    <tag k="subtype" v="solid"/>
  </way>
  <way id="9139">
    <nd ref="53"/>
    <nd ref="9124"/>
    <tag k="type" v="line_thin"/>
    <tag k="subtype" v="solid"/>
  </way>
  <way id="9141">
    <nd ref="9136"/>
    <nd ref="5599"/>
    <tag k="type" v="line_thin"/>
    <tag k="subtype" v="solid"/>
  </way>
  <way id="9142">
    <nd ref="9129"/>
    <nd ref="196"/>
    <tag k="type" v="line_thin"/>
    <tag k="subtype" v="solid"/>
  </way>
  <way id="9146">
    <nd ref="9144"/>
    <nd ref="9145"/>
    <nd ref="9147"/>
    <nd ref="9148"/>
    <nd ref="9149"/>
    <nd ref="9150"/>
    <tag k="type" v="line_thin"/>
    <tag k="subtype" v="solid"/>
  </way>
  <way id="9153">
    <nd ref="9151"/>
    <nd ref="9152"/>
    <nd ref="9154"/>
    <nd ref="9155"/>
    <nd ref="9156"/>
    <nd ref="9157"/>
    <nd ref="9158"/>
    <tag k="type" v="line_thin"/>
    <tag k="subtype" v="solid"/>
  </way>
  <way id="9209">
    <nd ref="9150"/>
    <nd ref="201"/>
    <tag k="type" v="line_thin"/>
    <tag k="subtype" v="solid"/>
  </way>
  <way id="9210">
    <nd ref="9158"/>
    <nd ref="204"/>
    <tag k="type" v="line_thin"/>
    <tag k="subtype" v="solid"/>
  </way>
  <way id="9212">
    <nd ref="62"/>
    <nd ref="9144"/>
    <tag k="type" v="line_thin"/>
    <tag k="subtype" v="solid"/>
  </way>
  <way id="9213">
    <nd ref="53"/>
    <nd ref="9151"/>
    <tag k="type" v="line_thin"/>
    <tag k="subtype" v="solid"/>
  </way>
  <way id="9217">
    <nd ref="9215"/>
    <nd ref="9216"/>
    <nd ref="9218"/>
    <nd ref="9219"/>
    <nd ref="9220"/>
    <nd ref="9221"/>
    <tag k="type" v="line_thin"/>
    <tag k="subtype" v="solid"/>
  </way>
  <way id="9224">
    <nd ref="9222"/>
    <nd ref="9223"/>
    <nd ref="9225"/>
    <nd ref="9226"/>
    <nd ref="9227"/>
    <nd ref="9228"/>
    <nd ref="9229"/>
    <tag k="type" v="line_thin"/>
    <tag k="subtype" v="solid"/>
  </way>
  <way id="9231">
    <nd ref="201"/>
    <nd ref="9222"/>
    <tag k="type" v="line_thin"/>
    <tag k="subtype" v="solid"/>
  </way>
  <way id="9232">
    <nd ref="198"/>
    <nd ref="9215"/>
    <tag k="type" v="line_thin"/>
    <tag k="subtype" v="solid"/>
  </way>
  <way id="9234">
    <nd ref="9229"/>
    <nd ref="62"/>
    <tag k="type" v="line_thin"/>
    <tag k="subtype" v="solid"/>
  </way>
  <way id="9235">
    <nd ref="9221"/>
    <nd ref="59"/>
    <tag k="type" v="line_thin"/>
    <tag k="subtype" v="solid"/>
  </way>
  <way id="9239">
    <nd ref="9237"/>
    <nd ref="9238"/>
    <nd ref="9240"/>
    <nd ref="9241"/>
    <nd ref="9242"/>
    <tag k="type" v="line_thin"/>
    <tag k="subtype" v="solid"/>
  </way>
  <way id="9245">
    <nd ref="9243"/>
    <nd ref="9244"/>
    <nd ref="9246"/>
    <nd ref="9247"/>
    <nd ref="9248"/>
    <nd ref="9249"/>
    <tag k="type" v="line_thin"/>
    <tag k="subtype" v="solid"/>
  </way>
  <way id="9251">
    <nd ref="69"/>
    <nd ref="9243"/>
    <tag k="type" v="line_thin"/>
    <tag k="subtype" v="solid"/>
  </way>
  <way id="9252">
    <nd ref="68"/>
    <nd ref="9237"/>
    <tag k="type" v="line_thin"/>
    <tag k="subtype" v="solid"/>
  </way>
  <way id="9254">
    <nd ref="9249"/>
    <nd ref="202"/>
    <tag k="type" v="line_thin"/>
    <tag k="subtype" v="solid"/>
  </way>
  <way id="9255">
    <nd ref="9242"/>
    <nd ref="199"/>
    <tag k="type" v="line_thin"/>
    <tag k="subtype" v="solid"/>
  </way>
  <way id="9259">
    <nd ref="9257"/>
    <nd ref="9258"/>
    <nd ref="9260"/>
    <nd ref="9261"/>
    <nd ref="9262"/>
    <tag k="type" v="line_thin"/>
    <tag k="subtype" v="solid"/>
  </way>
  <way id="9265">
    <nd ref="9263"/>
    <nd ref="9264"/>
    <nd ref="9266"/>
    <nd ref="9267"/>
    <nd ref="9268"/>
    <nd ref="9269"/>
    <tag k="type" v="line_thin"/>
    <tag k="subtype" v="solid"/>
  </way>
  <way id="9330">
    <nd ref="202"/>
    <nd ref="9257"/>
    <tag k="type" v="line_thin"/>
    <tag k="subtype" v="solid"/>
  </way>
  <way id="9331">
    <nd ref="205"/>
    <nd ref="9263"/>
    <tag k="type" v="line_thin"/>
    <tag k="subtype" v="solid"/>
  </way>
  <way id="9333">
    <nd ref="9262"/>
    <nd ref="69"/>
    <tag k="type" v="line_thin"/>
    <tag k="subtype" v="solid"/>
  </way>
  <way id="9334">
    <nd ref="9269"/>
    <nd ref="71"/>
    <tag k="type" v="line_thin"/>
    <tag k="subtype" v="solid"/>
  </way>
  <way id="9338">
    <nd ref="9336"/>
    <nd ref="9337"/>
    <nd ref="9339"/>
    <nd ref="9340"/>
    <nd ref="9341"/>
    <nd ref="9342"/>
    <tag k="type" v="line_thin"/>
    <tag k="subtype" v="solid"/>
  </way>
  <way id="9345">
    <nd ref="9343"/>
    <nd ref="9344"/>
    <nd ref="9346"/>
    <nd ref="9347"/>
    <nd ref="9348"/>
    <nd ref="9349"/>
    <nd ref="9350"/>
    <tag k="type" v="line_thin"/>
    <tag k="subtype" v="solid"/>
  </way>
  <way id="9352">
    <nd ref="177"/>
    <nd ref="9343"/>
    <tag k="type" v="line_thin"/>
    <tag k="subtype" v="solid"/>
  </way>
  <way id="9353">
    <nd ref="168"/>
    <nd ref="9336"/>
    <tag k="type" v="line_thin"/>
    <tag k="subtype" v="solid"/>
  </way>
  <way id="9355">
    <nd ref="9350"/>
    <nd ref="70"/>
    <tag k="type" v="line_thin"/>
    <tag k="subtype" v="solid"/>
  </way>
  <way id="9356">
    <nd ref="9342"/>
    <nd ref="67"/>
    <tag k="type" v="line_thin"/>
    <tag k="subtype" v="solid"/>
  </way>
  <way id="9360">
    <nd ref="9358"/>
    <nd ref="9359"/>
    <nd ref="9361"/>
    <nd ref="9362"/>
    <tag k="type" v="line_thin"/>
    <tag k="subtype" v="solid"/>
  </way>
  <way id="9365">
    <nd ref="9363"/>
    <nd ref="9364"/>
    <nd ref="9366"/>
    <nd ref="9367"/>
    <nd ref="9368"/>
    <tag k="type" v="line_thin"/>
    <tag k="subtype" v="solid"/>
  </way>
  <way id="9435">
    <nd ref="70"/>
    <nd ref="9358"/>
    <tag k="type" v="line_thin"/>
    <tag k="subtype" v="solid"/>
  </way>
  <way id="9436">
    <nd ref="72"/>
    <nd ref="9363"/>
    <tag k="type" v="line_thin"/>
    <tag k="subtype" v="solid"/>
  </way>
  <way id="9438">
    <nd ref="9362"/>
    <nd ref="177"/>
    <tag k="type" v="line_thin"/>
    <tag k="subtype" v="solid"/>
  </way>
  <way id="9439">
    <nd ref="9368"/>
    <nd ref="180"/>
    <tag k="type" v="line_thin"/>
    <tag k="subtype" v="solid"/>
  </way>
  <way id="9443">
    <nd ref="9441"/>
    <nd ref="9442"/>
    <nd ref="9444"/>
    <nd ref="9445"/>
    <nd ref="9446"/>
    <nd ref="9447"/>
    <tag k="type" v="line_thin"/>
    <tag k="subtype" v="solid"/>
  </way>
  <way id="9450">
    <nd ref="9448"/>
    <nd ref="9449"/>
    <nd ref="9451"/>
    <nd ref="9452"/>
    <nd ref="9453"/>
    <tag k="type" v="line_thin"/>
    <tag k="subtype" v="solid"/>
  </way>
  <way id="9488">
    <nd ref="63"/>
    <nd ref="9448"/>
    <tag k="type" v="line_thin"/>
    <tag k="subtype" v="solid"/>
  </way>
  <way id="9489">
    <nd ref="60"/>
    <nd ref="9441"/>
    <tag k="type" v="line_thin"/>
    <tag k="subtype" v="solid"/>
  </way>
  <way id="9498">
    <nd ref="9453"/>
    <nd ref="176"/>
    <tag k="type" v="line_thin"/>
    <tag k="subtype" v="solid"/>
  </way>
  <way id="9499">
    <nd ref="9447"/>
    <nd ref="167"/>
    <tag k="type" v="line_thin"/>
    <tag k="subtype" v="solid"/>
  </way>
  <way id="9503">
    <nd ref="9501"/>
    <nd ref="9502"/>
    <nd ref="9504"/>
    <nd ref="9505"/>
    <nd ref="9506"/>
    <tag k="type" v="line_thin"/>
    <tag k="subtype" v="solid"/>
  </way>
  <way id="9509">
    <nd ref="9507"/>
    <nd ref="9508"/>
    <nd ref="9510"/>
    <tag k="type" v="line_thin"/>
    <tag k="subtype" v="solid"/>
  </way>
  <way id="9557">
    <nd ref="63"/>
    <nd ref="9501"/>
    <tag k="type" v="line_thin"/>
    <tag k="subtype" v="solid"/>
  </way>
  <way id="9558">
    <nd ref="60"/>
    <nd ref="9507"/>
    <tag k="type" v="line_thin"/>
    <tag k="subtype" v="solid"/>
  </way>
  <way id="9560">
    <nd ref="9506"/>
    <nd ref="171"/>
    <tag k="type" v="line_thin"/>
    <tag k="subtype" v="solid"/>
  </way>
  <way id="9561">
    <nd ref="9510"/>
    <nd ref="174"/>
    <tag k="type" v="line_thin"/>
    <tag k="subtype" v="solid"/>
  </way>
  <way id="9565">
    <nd ref="9563"/>
    <nd ref="9564"/>
    <nd ref="9566"/>
    <nd ref="9567"/>
    <nd ref="9568"/>
    <nd ref="9569"/>
    <nd ref="9570"/>
    <tag k="type" v="line_thin"/>
    <tag k="subtype" v="solid"/>
  </way>
  <way id="9573">
    <nd ref="9571"/>
    <nd ref="9572"/>
    <nd ref="9574"/>
    <tag k="type" v="line_thin"/>
    <tag k="subtype" v="solid"/>
  </way>
  <way id="9576">
    <nd ref="9574"/>
    <nd ref="63"/>
    <tag k="type" v="line_thin"/>
    <tag k="subtype" v="solid"/>
  </way>
  <way id="9577">
    <nd ref="9570"/>
    <nd ref="52"/>
    <tag k="type" v="line_thin"/>
    <tag k="subtype" v="solid"/>
  </way>
  <way id="9579">
    <nd ref="171"/>
    <nd ref="9571"/>
    <tag k="type" v="line_thin"/>
    <tag k="subtype" v="solid"/>
  </way>
  <way id="9580">
    <nd ref="165"/>
    <nd ref="9563"/>
    <tag k="type" v="line_thin"/>
    <tag k="subtype" v="solid"/>
  </way>
  <way id="9612">
    <nd ref="171"/>
    <nd ref="9582"/>
    <nd ref="9583"/>
    <nd ref="9584"/>
    <nd ref="9585"/>
    <nd ref="9586"/>
    <nd ref="9587"/>
    <nd ref="9588"/>
    <nd ref="9589"/>
    <nd ref="9590"/>
    <nd ref="9591"/>
    <nd ref="9592"/>
    <nd ref="9593"/>
    <nd ref="9594"/>
    <nd ref="9595"/>
    <nd ref="9596"/>
    <nd ref="176"/>
    <tag k="type" v="line_thin"/>
    <tag k="subtype" v="solid"/>
  </way>
  <way id="9613">
    <nd ref="165"/>
    <nd ref="9597"/>
    <nd ref="9598"/>
    <nd ref="9599"/>
    <nd ref="9600"/>
    <nd ref="9601"/>
    <nd ref="9602"/>
    <nd ref="9603"/>
    <nd ref="9604"/>
    <nd ref="9605"/>
    <nd ref="9606"/>
    <nd ref="9607"/>
    <nd ref="9608"/>
    <nd ref="9609"/>
    <nd ref="9610"/>
    <nd ref="9611"/>
    <nd ref="167"/>
    <tag k="type" v="line_thin"/>
    <tag k="subtype" v="solid"/>
  </way>
  <way id="9659">
    <nd ref="176"/>
    <nd ref="9615"/>
    <nd ref="9616"/>
    <nd ref="9617"/>
    <nd ref="9618"/>
    <nd ref="9619"/>
    <nd ref="9620"/>
    <nd ref="9621"/>
    <nd ref="9622"/>
    <nd ref="9623"/>
    <nd ref="9624"/>
    <nd ref="9625"/>
    <nd ref="9626"/>
    <nd ref="9627"/>
    <nd ref="9628"/>
    <nd ref="9629"/>
    <nd ref="9630"/>
    <nd ref="9631"/>
    <nd ref="9632"/>
    <nd ref="9633"/>
    <nd ref="9634"/>
    <nd ref="9635"/>
    <nd ref="9636"/>
    <nd ref="171"/>
    <tag k="type" v="line_thin"/>
    <tag k="subtype" v="solid"/>
  </way>
  <way id="9660">
    <nd ref="179"/>
    <nd ref="9637"/>
    <nd ref="9638"/>
    <nd ref="9639"/>
    <nd ref="9640"/>
    <nd ref="9641"/>
    <nd ref="9642"/>
    <nd ref="9643"/>
    <nd ref="9644"/>
    <nd ref="9645"/>
    <nd ref="9646"/>
    <nd ref="9647"/>
    <nd ref="9648"/>
    <nd ref="9649"/>
    <nd ref="9650"/>
    <nd ref="9651"/>
    <nd ref="9652"/>
    <nd ref="9653"/>
    <nd ref="9654"/>
    <nd ref="9655"/>
    <nd ref="9656"/>
    <nd ref="9657"/>
    <nd ref="9658"/>
    <nd ref="174"/>
    <tag k="type" v="line_thin"/>
    <tag k="subtype" v="solid"/>
  </way>
  <way id="9664">
    <nd ref="9662"/>
    <nd ref="9663"/>
    <nd ref="9665"/>
    <nd ref="9666"/>
    <nd ref="9667"/>
    <nd ref="9668"/>
    <tag k="type" v="line_thin"/>
    <tag k="subtype" v="solid"/>
  </way>
  <way id="9671">
    <nd ref="9669"/>
    <nd ref="9670"/>
    <nd ref="9672"/>
    <nd ref="9673"/>
    <nd ref="9674"/>
    <nd ref="9675"/>
    <nd ref="9676"/>
    <tag k="type" v="line_thin"/>
    <tag k="subtype" v="solid"/>
  </way>
  <way id="9678">
    <nd ref="40"/>
    <nd ref="9669"/>
    <tag k="type" v="line_thin"/>
    <tag k="subtype" v="solid"/>
  </way>
  <way id="9679">
    <nd ref="31"/>
    <nd ref="9662"/>
    <tag k="type" v="line_thin"/>
    <tag k="subtype" v="solid"/>
  </way>
  <way id="9681">
    <nd ref="9676"/>
    <nd ref="170"/>
    <tag k="type" v="line_thin"/>
    <tag k="subtype" v="solid"/>
  </way>
  <way id="9682">
    <nd ref="9668"/>
    <nd ref="164"/>
    <tag k="type" v="line_thin"/>
    <tag k="subtype" v="solid"/>
  </way>
  <way id="9686">
    <nd ref="9684"/>
    <nd ref="9685"/>
    <nd ref="9687"/>
    <nd ref="9688"/>
    <nd ref="9689"/>
    <tag k="type" v="line_thin"/>
    <tag k="subtype" v="solid"/>
  </way>
  <way id="9692">
    <nd ref="9690"/>
    <nd ref="9691"/>
    <nd ref="9693"/>
    <tag k="type" v="line_thin"/>
    <tag k="subtype" v="solid"/>
  </way>
  <way id="9746">
    <nd ref="170"/>
    <nd ref="9684"/>
    <tag k="type" v="line_thin"/>
    <tag k="subtype" v="solid"/>
  </way>
  <way id="9747">
    <nd ref="173"/>
    <nd ref="9690"/>
    <tag k="type" v="line_thin"/>
    <tag k="subtype" v="solid"/>
  </way>
  <way id="9749">
    <nd ref="9689"/>
    <nd ref="40"/>
    <tag k="type" v="line_thin"/>
    <tag k="subtype" v="solid"/>
  </way>
  <way id="9750">
    <nd ref="9693"/>
    <nd ref="37"/>
    <tag k="type" v="line_thin"/>
    <tag k="subtype" v="solid"/>
  </way>
  <way id="9752">
    <nd ref="78"/>
    <nd ref="41"/>
    <tag k="type" v="line_thin"/>
    <tag k="subtype" v="solid"/>
  </way>
  <way id="9753">
    <nd ref="83"/>
    <nd ref="30"/>
    <tag k="type" v="line_thin"/>
    <tag k="subtype" v="solid"/>
  </way>
  <way id="9755">
    <nd ref="41"/>
    <nd ref="78"/>
    <tag k="type" v="line_thin"/>
    <tag k="subtype" v="solid"/>
  </way>
  <way id="9756">
    <nd ref="38"/>
    <nd ref="80"/>
    <tag k="type" v="line_thin"/>
    <tag k="subtype" v="solid"/>
  </way>
  <way id="9758">
    <nd ref="5598"/>
    <nd ref="193"/>
    <tag k="type" v="line_thin"/>
    <tag k="subtype" v="solid"/>
  </way>
  <way id="9759">
    <nd ref="195"/>
    <nd ref="187"/>
    <tag k="type" v="line_thin"/>
    <tag k="subtype" v="solid"/>
  </way>
  <way id="9761">
    <nd ref="193"/>
    <nd ref="5598"/>
    <tag k="type" v="line_thin"/>
    <tag k="subtype" v="solid"/>
  </way>
  <way id="9762">
    <nd ref="190"/>
    <nd ref="5601"/>
    <tag k="type" v="line_thin"/>
    <tag k="subtype" v="solid"/>
  </way>
  <way id="9764">
    <nd ref="89"/>
    <nd ref="12"/>
    <tag k="type" v="line_thin"/>
    <tag k="subtype" v="solid"/>
  </way>
  <way id="9765">
    <nd ref="94"/>
    <nd ref="22"/>
    <tag k="type" v="line_thin"/>
    <tag k="subtype" v="solid"/>
  </way>
  <way id="9767">
    <nd ref="12"/>
    <nd ref="89"/>
    <tag k="type" v="line_thin"/>
    <tag k="subtype" v="solid"/>
  </way>
  <way id="9768">
    <nd ref="9"/>
    <nd ref="91"/>
    <tag k="type" v="line_thin"/>
    <tag k="subtype" v="solid"/>
  </way>
  <way id="9770">
    <nd ref="192"/>
    <nd ref="211"/>
    <tag k="type" v="line_thin"/>
    <tag k="subtype" v="solid"/>
  </way>
  <way id="9771">
    <nd ref="186"/>
    <nd ref="208"/>
    <tag k="type" v="line_thin"/>
    <tag k="subtype" v="solid"/>
  </way>
  <way id="9773">
    <nd ref="211"/>
    <nd ref="192"/>
    <tag k="type" v="line_thin"/>
    <tag k="subtype" v="solid"/>
  </way>
  <way id="9774">
    <nd ref="214"/>
    <nd ref="189"/>
    <tag k="type" v="line_thin"/>
    <tag k="subtype" v="solid"/>
  </way>
  <way id="9776">
    <nd ref="136"/>
    <nd ref="134"/>
    <tag k="type" v="line_thin"/>
    <tag k="subtype" v="solid"/>
  </way>
  <way id="9777">
    <nd ref="126"/>
    <nd ref="124"/>
    <tag k="type" v="line_thin"/>
    <tag k="subtype" v="solid"/>
  </way>
  <way id="9823">
    <nd ref="134"/>
    <nd ref="9779"/>
    <nd ref="9780"/>
    <nd ref="9781"/>
    <nd ref="9782"/>
    <nd ref="9783"/>
    <nd ref="9784"/>
    <nd ref="9785"/>
    <nd ref="9786"/>
    <nd ref="9787"/>
    <nd ref="9788"/>
    <nd ref="9789"/>
    <nd ref="9790"/>
    <nd ref="9791"/>
    <nd ref="9792"/>
    <nd ref="9793"/>
    <nd ref="9794"/>
    <nd ref="9795"/>
    <nd ref="9796"/>
    <nd ref="9797"/>
    <nd ref="9798"/>
    <nd ref="9799"/>
    <nd ref="9800"/>
    <nd ref="136"/>
    <tag k="type" v="line_thin"/>
    <tag k="subtype" v="solid"/>
  </way>
  <way id="9824">
    <nd ref="7084"/>
    <nd ref="9801"/>
    <nd ref="9802"/>
    <nd ref="9803"/>
    <nd ref="9804"/>
    <nd ref="9805"/>
    <nd ref="9806"/>
    <nd ref="9807"/>
    <nd ref="9808"/>
    <nd ref="9809"/>
    <nd ref="9810"/>
    <nd ref="9811"/>
    <nd ref="9812"/>
    <nd ref="9813"/>
    <nd ref="9814"/>
    <nd ref="9815"/>
    <nd ref="9816"/>
    <nd ref="9817"/>
    <nd ref="9818"/>
    <nd ref="9819"/>
    <nd ref="9820"/>
    <nd ref="9821"/>
    <nd ref="9822"/>
    <nd ref="149"/>
    <tag k="type" v="line_thin"/>
    <tag k="subtype" v="solid"/>
  </way>
  <way id="9826">
    <nd ref="7735"/>
    <nd ref="157"/>
    <tag k="type" v="line_thin"/>
    <tag k="subtype" v="solid"/>
  </way>
  <way id="9827">
    <nd ref="7719"/>
    <nd ref="121"/>
    <tag k="type" v="line_thin"/>
    <tag k="subtype" v="solid"/>
  </way>
  <way id="9853">
    <nd ref="157"/>
    <nd ref="9829"/>
    <nd ref="9830"/>
    <nd ref="9831"/>
    <nd ref="9832"/>
    <nd ref="9833"/>
    <nd ref="9834"/>
    <nd ref="9835"/>
    <nd ref="9836"/>
    <nd ref="9837"/>
    <nd ref="9838"/>
    <nd ref="9839"/>
    <nd ref="9840"/>
    <nd ref="7735"/>
    <tag k="type" v="line_thin"/>
    <tag k="subtype" v="solid"/>
  </way>
  <way id="9854">
    <nd ref="160"/>
    <nd ref="9841"/>
    <nd ref="9842"/>
    <nd ref="9843"/>
    <nd ref="9844"/>
    <nd ref="9845"/>
    <nd ref="9846"/>
    <nd ref="9847"/>
    <nd ref="9848"/>
    <nd ref="9849"/>
    <nd ref="9850"/>
    <nd ref="9851"/>
    <nd ref="9852"/>
    <nd ref="146"/>
    <tag k="type" v="line_thin"/>
    <tag k="subtype" v="solid"/>
  </way>
  <way id="9905">
    <nd ref="9903"/>
    <nd ref="9904"/>
    <nd ref="9906"/>
    <nd ref="9907"/>
    <nd ref="9908"/>
    <nd ref="9909"/>
    <tag k="type" v="line_thin"/>
    <tag k="subtype" v="solid"/>
  </way>
  <way id="9912">
    <nd ref="9910"/>
    <nd ref="9911"/>
    <nd ref="9913"/>
    <nd ref="9914"/>
    <nd ref="9915"/>
    <tag k="type" v="line_thin"/>
    <tag k="subtype" v="solid"/>
  </way>
  <way id="9917">
    <nd ref="9915"/>
    <nd ref="7802"/>
    <tag k="type" v="line_thin"/>
    <tag k="subtype" v="solid"/>
  </way>
  <way id="9918">
    <nd ref="9909"/>
    <nd ref="93"/>
    <tag k="type" v="line_thin"/>
    <tag k="subtype" v="solid"/>
  </way>
  <way id="9920">
    <nd ref="7735"/>
    <nd ref="9910"/>
    <tag k="type" v="line_thin"/>
    <tag k="subtype" v="solid"/>
  </way>
  <way id="9921">
    <nd ref="7719"/>
    <nd ref="9903"/>
    <tag k="type" v="line_thin"/>
    <tag k="subtype" v="solid"/>
  </way>
  <way id="9994">
    <nd ref="9992"/>
    <nd ref="9993"/>
    <nd ref="9995"/>
    <nd ref="9996"/>
    <nd ref="9997"/>
    <nd ref="9998"/>
    <tag k="type" v="line_thin"/>
    <tag k="subtype" v="solid"/>
  </way>
  <way id="10001">
    <nd ref="9999"/>
    <nd ref="10000"/>
    <nd ref="10002"/>
    <nd ref="10003"/>
    <nd ref="10004"/>
    <nd ref="10005"/>
    <nd ref="10006"/>
    <tag k="type" v="line_thin"/>
    <tag k="subtype" v="solid"/>
  </way>
  <way id="10008">
    <nd ref="136"/>
    <nd ref="9999"/>
    <tag k="type" v="line_thin"/>
    <tag k="subtype" v="solid"/>
  </way>
  <way id="10009">
    <nd ref="126"/>
    <nd ref="9992"/>
    <tag k="type" v="line_thin"/>
    <tag k="subtype" v="solid"/>
  </way>
  <way id="10011">
    <nd ref="10006"/>
    <nd ref="7191"/>
    <tag k="type" v="line_thin"/>
    <tag k="subtype" v="solid"/>
  </way>
  <way id="10012">
    <nd ref="9998"/>
    <nd ref="82"/>
    <tag k="type" v="line_thin"/>
    <tag k="subtype" v="solid"/>
  </way>
  <way id="10016">
    <nd ref="10014"/>
    <nd ref="10015"/>
    <nd ref="10017"/>
    <nd ref="10018"/>
    <tag k="type" v="line_thin"/>
    <tag k="subtype" v="solid"/>
  </way>
  <way id="10021">
    <nd ref="10019"/>
    <nd ref="10020"/>
    <nd ref="10022"/>
    <nd ref="10023"/>
    <tag k="type" v="line_thin"/>
    <tag k="subtype" v="solid"/>
  </way>
  <way id="10082">
    <nd ref="10018"/>
    <nd ref="62"/>
    <tag k="type" v="line_thin"/>
    <tag k="subtype" v="solid"/>
  </way>
  <way id="10083">
    <nd ref="10023"/>
    <nd ref="59"/>
    <tag k="type" v="line_thin"/>
    <tag k="subtype" v="solid"/>
  </way>
  <way id="10085">
    <nd ref="5599"/>
    <nd ref="10014"/>
    <tag k="type" v="line_thin"/>
    <tag k="subtype" v="solid"/>
  </way>
  <way id="10086">
    <nd ref="5602"/>
    <nd ref="10019"/>
    <tag k="type" v="line_thin"/>
    <tag k="subtype" v="solid"/>
  </way>
  <way id="10090">
    <nd ref="10088"/>
    <nd ref="10089"/>
    <nd ref="10091"/>
    <nd ref="10092"/>
    <tag k="type" v="line_thin"/>
    <tag k="subtype" v="solid"/>
  </way>
  <way id="10095">
    <nd ref="10093"/>
    <nd ref="10094"/>
    <nd ref="10096"/>
    <tag k="type" v="line_thin"/>
    <tag k="subtype" v="solid"/>
  </way>
  <way id="10153">
    <nd ref="10092"/>
    <nd ref="63"/>
    <tag k="type" v="line_thin"/>
    <tag k="subtype" v="solid"/>
  </way>
  <way id="10154">
    <nd ref="10096"/>
    <nd ref="52"/>
    <tag k="type" v="line_thin"/>
    <tag k="subtype" v="solid"/>
  </way>
  <way id="10156">
    <nd ref="176"/>
    <nd ref="10088"/>
    <tag k="type" v="line_thin"/>
    <tag k="subtype" v="solid"/>
  </way>
  <way id="10157">
    <nd ref="179"/>
    <nd ref="10093"/>
    <tag k="type" v="line_thin"/>
    <tag k="subtype" v="solid"/>
  </way>
  <way id="10223">
    <nd ref="12"/>
    <nd ref="10159"/>
    <nd ref="10160"/>
    <nd ref="10161"/>
    <nd ref="10162"/>
    <nd ref="10163"/>
    <nd ref="10164"/>
    <nd ref="10165"/>
    <nd ref="10166"/>
    <nd ref="10167"/>
    <nd ref="10168"/>
    <nd ref="10169"/>
    <nd ref="10170"/>
    <nd ref="10171"/>
    <nd ref="10172"/>
    <nd ref="10173"/>
    <nd ref="10174"/>
    <nd ref="10175"/>
    <nd ref="10176"/>
    <nd ref="10177"/>
    <nd ref="10178"/>
    <nd ref="10179"/>
    <nd ref="10180"/>
    <nd ref="10181"/>
    <nd ref="10182"/>
    <nd ref="10183"/>
    <nd ref="10184"/>
    <nd ref="10185"/>
    <nd ref="10186"/>
    <nd ref="10187"/>
    <nd ref="10188"/>
    <nd ref="10189"/>
    <nd ref="10190"/>
    <nd ref="192"/>
    <tag k="type" v="line_thin"/>
    <tag k="subtype" v="solid"/>
  </way>
  <way id="10224">
    <nd ref="9"/>
    <nd ref="10191"/>
    <nd ref="10192"/>
    <nd ref="10193"/>
    <nd ref="10194"/>
    <nd ref="10195"/>
    <nd ref="10196"/>
    <nd ref="10197"/>
    <nd ref="10198"/>
    <nd ref="10199"/>
    <nd ref="10200"/>
    <nd ref="10201"/>
    <nd ref="10202"/>
    <nd ref="10203"/>
    <nd ref="10204"/>
    <nd ref="10205"/>
    <nd ref="10206"/>
    <nd ref="10207"/>
    <nd ref="10208"/>
    <nd ref="10209"/>
    <nd ref="10210"/>
    <nd ref="10211"/>
    <nd ref="10212"/>
    <nd ref="10213"/>
    <nd ref="10214"/>
    <nd ref="10215"/>
    <nd ref="10216"/>
    <nd ref="10217"/>
    <nd ref="10218"/>
    <nd ref="10219"/>
    <nd ref="10220"/>
    <nd ref="10221"/>
    <nd ref="10222"/>
    <nd ref="189"/>
    <tag k="type" v="line_thin"/>
    <tag k="subtype" v="solid"/>
  </way>
  <relation id="14">
    <member type="way" role="left" ref="13"/>
    <member type="way" role="right" ref="10"/>
    <tag k="type" v="lanelet"/>
    <tag k="subtype" v="road"/>
    <tag k="speed_limit" v="10"/>
    <tag k="location" v="urban"/>
    <tag k="one_way" v="yes"/>
  </relation>
  <relation id="29">
    <member type="way" role="left" ref="13"/>
    <member type="way" role="right" ref="24"/>
    <tag k="type" v="lanelet"/>
    <tag k="subtype" v="road"/>
    <tag k="speed_limit" v="10"/>
    <tag k="location" v="urban"/>
    <tag k="one_way" v="yes"/>
  </relation>
  <relation id="43">
    <member type="way" role="left" ref="42"/>
    <member type="way" role="right" ref="39"/>
    <tag k="type" v="lanelet"/>
    <tag k="subtype" v="road"/>
    <tag k="speed_limit" v="10"/>
    <tag k="location" v="urban"/>
    <tag k="one_way" v="yes"/>
  </relation>
  <relation id="44">
    <member type="way" role="left" ref="42"/>
    <member type="way" role="right" ref="32"/>
    <tag k="type" v="lanelet"/>
    <tag k="subtype" v="road"/>
    <tag k="speed_limit" v="10"/>
    <tag k="location" v="urban"/>
    <tag k="one_way" v="yes"/>
  </relation>
  <relation id="65">
    <member type="way" role="left" ref="64"/>
    <member type="way" role="right" ref="61"/>
    <tag k="type" v="lanelet"/>
    <tag k="subtype" v="road"/>
    <tag k="speed_limit" v="10"/>
    <tag k="location" v="urban"/>
    <tag k="one_way" v="yes"/>
  </relation>
  <relation id="66">
    <member type="way" role="left" ref="64"/>
    <member type="way" role="right" ref="54"/>
    <tag k="type" v="lanelet"/>
    <tag k="subtype" v="road"/>
    <tag k="speed_limit" v="10"/>
    <tag k="location" v="urban"/>
    <tag k="one_way" v="yes"/>
  </relation>
  <relation id="76">
    <member type="way" role="left" ref="74"/>
    <member type="way" role="right" ref="73"/>
    <tag k="type" v="lanelet"/>
    <tag k="subtype" v="road"/>
    <tag k="speed_limit" v="10"/>
    <tag k="location" v="urban"/>
    <tag k="one_way" v="yes"/>
  </relation>
  <relation id="77">
    <member type="way" role="left" ref="74"/>
    <member type="way" role="right" ref="75"/>
    <tag k="type" v="lanelet"/>
    <tag k="subtype" v="road"/>
    <tag k="speed_limit" v="10"/>
    <tag k="location" v="urban"/>
    <tag k="one_way" v="yes"/>
  </relation>
  <relation id="87">
    <member type="way" role="left" ref="84"/>
    <member type="way" role="right" ref="85"/>
    <tag k="type" v="lanelet"/>
    <tag k="subtype" v="road"/>
    <tag k="speed_limit" v="10"/>
    <tag k="location" v="urban"/>
    <tag k="one_way" v="yes"/>
  </relation>
  <relation id="88">
    <member type="way" role="left" ref="84"/>
    <member type="way" role="right" ref="86"/>
    <tag k="type" v="lanelet"/>
    <tag k="subtype" v="road"/>
    <tag k="speed_limit" v="10"/>
    <tag k="location" v="urban"/>
    <tag k="one_way" v="yes"/>
  </relation>
  <relation id="98">
    <member type="way" role="left" ref="95"/>
    <member type="way" role="right" ref="96"/>
    <tag k="type" v="lanelet"/>
    <tag k="subtype" v="road"/>
    <tag k="speed_limit" v="10"/>
    <tag k="location" v="urban"/>
    <tag k="one_way" v="yes"/>
  </relation>
  <relation id="99">
    <member type="way" role="left" ref="95"/>
    <member type="way" role="right" ref="97"/>
    <tag k="type" v="lanelet"/>
    <tag k="subtype" v="road"/>
    <tag k="speed_limit" v="10"/>
    <tag k="location" v="urban"/>
    <tag k="one_way" v="yes"/>
  </relation>
  <relation id="106">
    <member type="way" role="left" ref="105"/>
    <member type="way" role="right" ref="102"/>
    <tag k="type" v="lanelet"/>
    <tag k="subtype" v="road"/>
    <tag k="speed_limit" v="10"/>
    <tag k="location" v="urban"/>
    <tag k="one_way" v="yes"/>
  </relation>
  <relation id="114">
    <member type="way" role="left" ref="105"/>
    <member type="way" role="right" ref="109"/>
    <tag k="type" v="lanelet"/>
    <tag k="subtype" v="road"/>
    <tag k="speed_limit" v="10"/>
    <tag k="location" v="urban"/>
    <tag k="one_way" v="yes"/>
  </relation>
  <relation id="152">
    <member type="way" role="left" ref="138"/>
    <member type="way" role="right" ref="128"/>
    <tag k="type" v="lanelet"/>
    <tag k="subtype" v="road"/>
    <tag k="speed_limit" v="10"/>
    <tag k="location" v="urban"/>
    <tag k="one_way" v="yes"/>
  </relation>
  <relation id="153">
    <member type="way" role="left" ref="138"/>
    <member type="way" role="right" ref="151"/>
    <tag k="type" v="lanelet"/>
    <tag k="subtype" v="road"/>
    <tag k="speed_limit" v="10"/>
    <tag k="location" v="urban"/>
    <tag k="one_way" v="yes"/>
  </relation>
  <relation id="154">
    <member type="way" role="left" ref="135"/>
    <member type="way" role="right" ref="148"/>
    <tag k="type" v="lanelet"/>
    <tag k="subtype" v="road"/>
    <tag k="speed_limit" v="10"/>
    <tag k="location" v="urban"/>
    <tag k="one_way" v="yes"/>
  </relation>
  <relation id="155">
    <member type="way" role="left" ref="135"/>
    <member type="way" role="right" ref="125"/>
    <tag k="type" v="lanelet"/>
    <tag k="subtype" v="road"/>
    <tag k="speed_limit" v="10"/>
    <tag k="location" v="urban"/>
    <tag k="one_way" v="yes"/>
  </relation>
  <relation id="162">
    <member type="way" role="left" ref="158"/>
    <member type="way" role="right" ref="122"/>
    <tag k="type" v="lanelet"/>
    <tag k="subtype" v="road"/>
    <tag k="speed_limit" v="10"/>
    <tag k="location" v="urban"/>
    <tag k="one_way" v="yes"/>
  </relation>
  <relation id="163">
    <member type="way" role="left" ref="158"/>
    <member type="way" role="right" ref="161"/>
    <tag k="type" v="lanelet"/>
    <tag k="subtype" v="road"/>
    <tag k="speed_limit" v="10"/>
    <tag k="location" v="urban"/>
    <tag k="one_way" v="yes"/>
  </relation>
  <relation id="182">
    <member type="way" role="left" ref="172"/>
    <member type="way" role="right" ref="166"/>
    <tag k="type" v="lanelet"/>
    <tag k="subtype" v="road"/>
    <tag k="speed_limit" v="10"/>
    <tag k="location" v="urban"/>
    <tag k="one_way" v="yes"/>
  </relation>
  <relation id="183">
    <member type="way" role="left" ref="172"/>
    <member type="way" role="right" ref="175"/>
    <tag k="type" v="lanelet"/>
    <tag k="subtype" v="road"/>
    <tag k="speed_limit" v="10"/>
    <tag k="location" v="urban"/>
    <tag k="one_way" v="yes"/>
  </relation>
  <relation id="184">
    <member type="way" role="left" ref="178"/>
    <member type="way" role="right" ref="169"/>
    <tag k="type" v="lanelet"/>
    <tag k="subtype" v="road"/>
    <tag k="speed_limit" v="10"/>
    <tag k="location" v="urban"/>
    <tag k="one_way" v="yes"/>
  </relation>
  <relation id="185">
    <member type="way" role="left" ref="178"/>
    <member type="way" role="right" ref="181"/>
    <tag k="type" v="lanelet"/>
    <tag k="subtype" v="road"/>
    <tag k="speed_limit" v="10"/>
    <tag k="location" v="urban"/>
    <tag k="one_way" v="yes"/>
  </relation>
  <relation id="216">
    <member type="way" role="left" ref="212"/>
    <member type="way" role="right" ref="215"/>
    <tag k="type" v="lanelet"/>
    <tag k="subtype" v="road"/>
    <tag k="speed_limit" v="10"/>
    <tag k="location" v="urban"/>
    <tag k="one_way" v="yes"/>
  </relation>
  <relation id="217">
    <member type="way" role="left" ref="212"/>
    <member type="way" role="right" ref="209"/>
    <tag k="type" v="lanelet"/>
    <tag k="subtype" v="road"/>
    <tag k="speed_limit" v="10"/>
    <tag k="location" v="urban"/>
    <tag k="one_way" v="yes"/>
  </relation>
  <relation id="218">
    <member type="way" role="left" ref="194"/>
    <member type="way" role="right" ref="191"/>
    <tag k="type" v="lanelet"/>
    <tag k="subtype" v="road"/>
    <tag k="speed_limit" v="10"/>
    <tag k="location" v="urban"/>
    <tag k="one_way" v="yes"/>
  </relation>
  <relation id="219">
    <member type="way" role="left" ref="194"/>
    <member type="way" role="right" ref="188"/>
    <tag k="type" v="lanelet"/>
    <tag k="subtype" v="road"/>
    <tag k="speed_limit" v="10"/>
    <tag k="location" v="urban"/>
    <tag k="one_way" v="yes"/>
  </relation>
  <relation id="220">
    <member type="way" role="left" ref="203"/>
    <member type="way" role="right" ref="206"/>
    <tag k="type" v="lanelet"/>
    <tag k="subtype" v="road"/>
    <tag k="speed_limit" v="10"/>
    <tag k="location" v="urban"/>
    <tag k="one_way" v="yes"/>
  </relation>
  <relation id="221">
    <member type="way" role="left" ref="203"/>
    <member type="way" role="right" ref="200"/>
    <tag k="type" v="lanelet"/>
    <tag k="subtype" v="road"/>
    <tag k="speed_limit" v="10"/>
    <tag k="location" v="urban"/>
    <tag k="one_way" v="yes"/>
  </relation>
  <relation id="5604">
    <member type="way" role="left" ref="5600"/>
    <member type="way" role="right" ref="197"/>
    <tag k="type" v="lanelet"/>
    <tag k="subtype" v="road"/>
    <tag k="speed_limit" v="10"/>
    <tag k="location" v="urban"/>
    <tag k="one_way" v="yes"/>
  </relation>
  <relation id="5605">
    <member type="way" role="left" ref="5600"/>
    <member type="way" role="right" ref="5603"/>
    <tag k="type" v="lanelet"/>
    <tag k="subtype" v="road"/>
    <tag k="speed_limit" v="10"/>
    <tag k="location" v="urban"/>
    <tag k="one_way" v="yes"/>
  </relation>
  <relation id="5608">
    <member type="way" role="left" ref="5606"/>
    <member type="way" role="right" ref="5607"/>
    <tag k="type" v="lanelet"/>
    <tag k="subtype" v="road"/>
    <tag k="speed_limit" v="10"/>
    <tag k="location" v="urban"/>
    <tag k="one_way" v="yes"/>
  </relation>
  <relation id="5629">
    <member type="way" role="left" ref="5627"/>
    <member type="way" role="right" ref="5628"/>
    <tag k="type" v="lanelet"/>
    <tag k="subtype" v="road"/>
    <tag k="speed_limit" v="10"/>
    <tag k="location" v="urban"/>
    <tag k="one_way" v="yes"/>
  </relation>
  <relation id="6981">
    <member type="way" role="left" ref="6979"/>
    <member type="way" role="right" ref="6980"/>
    <tag k="type" v="lanelet"/>
    <tag k="subtype" v="road"/>
    <tag k="speed_limit" v="10"/>
    <tag k="location" v="urban"/>
    <tag k="one_way" v="yes"/>
  </relation>
  <relation id="7090">
    <member type="way" role="left" ref="6979"/>
    <member type="way" role="right" ref="7086"/>
    <tag k="type" v="lanelet"/>
    <tag k="subtype" v="road"/>
    <tag k="speed_limit" v="10"/>
    <tag k="location" v="urban"/>
    <tag k="one_way" v="yes"/>
  </relation>
  <relation id="7203">
    <member type="way" role="left" ref="7193"/>
    <member type="way" role="right" ref="7189"/>
    <tag k="type" v="lanelet"/>
    <tag k="subtype" v="road"/>
    <tag k="speed_limit" v="10"/>
    <tag k="location" v="urban"/>
    <tag k="one_way" v="yes"/>
    <tag k="turn_direction" v="left"/>
  </relation>
  <relation id="7554">
    <member type="way" role="left" ref="7552"/>
    <member type="way" role="right" ref="7553"/>
    <tag k="type" v="lanelet"/>
    <tag k="subtype" v="road"/>
    <tag k="speed_limit" v="10"/>
    <tag k="location" v="urban"/>
    <tag k="one_way" v="yes"/>
  </relation>
  <relation id="7603">
    <member type="way" role="left" ref="7601"/>
    <member type="way" role="right" ref="7602"/>
    <tag k="type" v="lanelet"/>
    <tag k="subtype" v="road"/>
    <tag k="speed_limit" v="10"/>
    <tag k="location" v="urban"/>
    <tag k="one_way" v="yes"/>
  </relation>
  <relation id="7826">
    <member type="way" role="left" ref="7804"/>
    <member type="way" role="right" ref="7816"/>
    <tag k="type" v="lanelet"/>
    <tag k="subtype" v="road"/>
    <tag k="speed_limit" v="10"/>
    <tag k="location" v="urban"/>
    <tag k="one_way" v="yes"/>
    <tag k="turn_direction" v="left"/>
  </relation>
  <relation id="7903">
    <member type="way" role="left" ref="7895"/>
    <member type="way" role="right" ref="7887"/>
    <tag k="type" v="lanelet"/>
    <tag k="subtype" v="road"/>
    <tag k="speed_limit" v="10"/>
    <tag k="location" v="urban"/>
    <tag k="one_way" v="yes"/>
    <tag k="turn_direction" v="right"/>
  </relation>
  <relation id="7906">
    <member type="way" role="left" ref="7904"/>
    <member type="way" role="right" ref="7905"/>
    <tag k="type" v="lanelet"/>
    <tag k="subtype" v="road"/>
    <tag k="speed_limit" v="10"/>
    <tag k="location" v="urban"/>
    <tag k="one_way" v="yes"/>
  </relation>
  <relation id="7909">
    <member type="way" role="left" ref="7907"/>
    <member type="way" role="right" ref="7908"/>
    <tag k="type" v="lanelet"/>
    <tag k="subtype" v="road"/>
    <tag k="speed_limit" v="10"/>
    <tag k="location" v="urban"/>
    <tag k="one_way" v="yes"/>
  </relation>
  <relation id="7933">
    <member type="way" role="left" ref="7912"/>
    <member type="way" role="right" ref="7922"/>
    <tag k="type" v="lanelet"/>
    <tag k="subtype" v="road"/>
    <tag k="speed_limit" v="10"/>
    <tag k="location" v="urban"/>
    <tag k="one_way" v="yes"/>
    <tag k="turn_direction" v="left"/>
  </relation>
  <relation id="8001">
    <member type="way" role="left" ref="7999"/>
    <member type="way" role="right" ref="8000"/>
    <tag k="type" v="lanelet"/>
    <tag k="subtype" v="road"/>
    <tag k="speed_limit" v="10"/>
    <tag k="location" v="urban"/>
    <tag k="one_way" v="yes"/>
  </relation>
  <relation id="8004">
    <member type="way" role="left" ref="8002"/>
    <member type="way" role="right" ref="8003"/>
    <tag k="type" v="lanelet"/>
    <tag k="subtype" v="road"/>
    <tag k="speed_limit" v="10"/>
    <tag k="location" v="urban"/>
    <tag k="one_way" v="yes"/>
  </relation>
  <relation id="8029">
    <member type="way" role="left" ref="8017"/>
    <member type="way" role="right" ref="8008"/>
    <tag k="type" v="lanelet"/>
    <tag k="subtype" v="road"/>
    <tag k="speed_limit" v="10"/>
    <tag k="location" v="urban"/>
    <tag k="one_way" v="yes"/>
    <tag k="turn_direction" v="right"/>
  </relation>
  <relation id="8032">
    <member type="way" role="left" ref="8030"/>
    <member type="way" role="right" ref="8031"/>
    <tag k="type" v="lanelet"/>
    <tag k="subtype" v="road"/>
    <tag k="speed_limit" v="10"/>
    <tag k="location" v="urban"/>
    <tag k="one_way" v="yes"/>
  </relation>
  <relation id="8035">
    <member type="way" role="left" ref="8033"/>
    <member type="way" role="right" ref="8034"/>
    <tag k="type" v="lanelet"/>
    <tag k="subtype" v="road"/>
    <tag k="speed_limit" v="10"/>
    <tag k="location" v="urban"/>
    <tag k="one_way" v="yes"/>
  </relation>
  <relation id="8064">
    <member type="way" role="left" ref="8038"/>
    <member type="way" role="right" ref="8050"/>
    <tag k="type" v="lanelet"/>
    <tag k="subtype" v="road"/>
    <tag k="speed_limit" v="10"/>
    <tag k="location" v="urban"/>
    <tag k="one_way" v="yes"/>
    <tag k="turn_direction" v="left"/>
  </relation>
  <relation id="8287">
    <member type="way" role="left" ref="8285"/>
    <member type="way" role="right" ref="8286"/>
    <tag k="type" v="lanelet"/>
    <tag k="subtype" v="road"/>
    <tag k="speed_limit" v="10"/>
    <tag k="location" v="urban"/>
    <tag k="one_way" v="yes"/>
  </relation>
  <relation id="8290">
    <member type="way" role="left" ref="8288"/>
    <member type="way" role="right" ref="8289"/>
    <tag k="type" v="lanelet"/>
    <tag k="subtype" v="road"/>
    <tag k="speed_limit" v="10"/>
    <tag k="location" v="urban"/>
    <tag k="one_way" v="yes"/>
  </relation>
  <relation id="8309">
    <member type="way" role="left" ref="8301"/>
    <member type="way" role="right" ref="8293"/>
    <tag k="type" v="lanelet"/>
    <tag k="subtype" v="road"/>
    <tag k="speed_limit" v="10"/>
    <tag k="location" v="urban"/>
    <tag k="one_way" v="yes"/>
    <tag k="turn_direction" v="right"/>
  </relation>
  <relation id="8312">
    <member type="way" role="left" ref="8310"/>
    <member type="way" role="right" ref="8311"/>
    <tag k="type" v="lanelet"/>
    <tag k="subtype" v="road"/>
    <tag k="speed_limit" v="10"/>
    <tag k="location" v="urban"/>
    <tag k="one_way" v="yes"/>
  </relation>
  <relation id="8315">
    <member type="way" role="left" ref="8313"/>
    <member type="way" role="right" ref="8314"/>
    <tag k="type" v="lanelet"/>
    <tag k="subtype" v="road"/>
    <tag k="speed_limit" v="10"/>
    <tag k="location" v="urban"/>
    <tag k="one_way" v="yes"/>
  </relation>
  <relation id="8337">
    <member type="way" role="left" ref="8318"/>
    <member type="way" role="right" ref="8326"/>
    <tag k="type" v="lanelet"/>
    <tag k="subtype" v="road"/>
    <tag k="speed_limit" v="10"/>
    <tag k="location" v="urban"/>
    <tag k="one_way" v="yes"/>
    <tag k="turn_direction" v="left"/>
  </relation>
  <relation id="8340">
    <member type="way" role="left" ref="8338"/>
    <member type="way" role="right" ref="8339"/>
    <tag k="type" v="lanelet"/>
    <tag k="subtype" v="road"/>
    <tag k="speed_limit" v="10"/>
    <tag k="location" v="urban"/>
    <tag k="one_way" v="yes"/>
  </relation>
  <relation id="8343">
    <member type="way" role="left" ref="8341"/>
    <member type="way" role="right" ref="8342"/>
    <tag k="type" v="lanelet"/>
    <tag k="subtype" v="road"/>
    <tag k="speed_limit" v="10"/>
    <tag k="location" v="urban"/>
    <tag k="one_way" v="yes"/>
  </relation>
  <relation id="8360">
    <member type="way" role="left" ref="8353"/>
    <member type="way" role="right" ref="8346"/>
    <tag k="type" v="lanelet"/>
    <tag k="subtype" v="road"/>
    <tag k="speed_limit" v="10"/>
    <tag k="location" v="urban"/>
    <tag k="one_way" v="yes"/>
    <tag k="turn_direction" v="right"/>
  </relation>
  <relation id="8394">
    <member type="way" role="left" ref="8392"/>
    <member type="way" role="right" ref="8393"/>
    <tag k="type" v="lanelet"/>
    <tag k="subtype" v="road"/>
    <tag k="speed_limit" v="10"/>
    <tag k="location" v="urban"/>
    <tag k="one_way" v="yes"/>
  </relation>
  <relation id="8397">
    <member type="way" role="left" ref="8395"/>
    <member type="way" role="right" ref="8396"/>
    <tag k="type" v="lanelet"/>
    <tag k="subtype" v="road"/>
    <tag k="speed_limit" v="10"/>
    <tag k="location" v="urban"/>
    <tag k="one_way" v="yes"/>
  </relation>
  <relation id="8412">
    <member type="way" role="left" ref="8406"/>
    <member type="way" role="right" ref="8400"/>
    <tag k="type" v="lanelet"/>
    <tag k="subtype" v="road"/>
    <tag k="speed_limit" v="10"/>
    <tag k="location" v="urban"/>
    <tag k="one_way" v="yes"/>
    <tag k="turn_direction" v="right"/>
  </relation>
  <relation id="8415">
    <member type="way" role="left" ref="8413"/>
    <member type="way" role="right" ref="8414"/>
    <tag k="type" v="lanelet"/>
    <tag k="subtype" v="road"/>
    <tag k="speed_limit" v="10"/>
    <tag k="location" v="urban"/>
    <tag k="one_way" v="yes"/>
  </relation>
  <relation id="8418">
    <member type="way" role="left" ref="8416"/>
    <member type="way" role="right" ref="8417"/>
    <tag k="type" v="lanelet"/>
    <tag k="subtype" v="road"/>
    <tag k="speed_limit" v="10"/>
    <tag k="location" v="urban"/>
    <tag k="one_way" v="yes"/>
  </relation>
  <relation id="8438">
    <member type="way" role="left" ref="8421"/>
    <member type="way" role="right" ref="8429"/>
    <tag k="type" v="lanelet"/>
    <tag k="subtype" v="road"/>
    <tag k="speed_limit" v="10"/>
    <tag k="location" v="urban"/>
    <tag k="one_way" v="yes"/>
    <tag k="turn_direction" v="left"/>
  </relation>
  <relation id="8522">
    <member type="way" role="left" ref="8520"/>
    <member type="way" role="right" ref="8521"/>
    <tag k="type" v="lanelet"/>
    <tag k="subtype" v="road"/>
    <tag k="speed_limit" v="10"/>
    <tag k="location" v="urban"/>
    <tag k="one_way" v="yes"/>
  </relation>
  <relation id="8525">
    <member type="way" role="left" ref="8523"/>
    <member type="way" role="right" ref="8524"/>
    <tag k="type" v="lanelet"/>
    <tag k="subtype" v="road"/>
    <tag k="speed_limit" v="10"/>
    <tag k="location" v="urban"/>
    <tag k="one_way" v="yes"/>
  </relation>
  <relation id="8542">
    <member type="way" role="left" ref="8528"/>
    <member type="way" role="right" ref="8535"/>
    <tag k="type" v="lanelet"/>
    <tag k="subtype" v="road"/>
    <tag k="speed_limit" v="10"/>
    <tag k="location" v="urban"/>
    <tag k="one_way" v="yes"/>
  </relation>
  <relation id="8586">
    <member type="way" role="left" ref="8584"/>
    <member type="way" role="right" ref="8585"/>
    <tag k="type" v="lanelet"/>
    <tag k="subtype" v="road"/>
    <tag k="speed_limit" v="10"/>
    <tag k="location" v="urban"/>
    <tag k="one_way" v="yes"/>
  </relation>
  <relation id="8589">
    <member type="way" role="left" ref="8587"/>
    <member type="way" role="right" ref="8588"/>
    <tag k="type" v="lanelet"/>
    <tag k="subtype" v="road"/>
    <tag k="speed_limit" v="10"/>
    <tag k="location" v="urban"/>
    <tag k="one_way" v="yes"/>
  </relation>
  <relation id="8605">
    <member type="way" role="left" ref="8599"/>
    <member type="way" role="right" ref="8592"/>
    <tag k="type" v="lanelet"/>
    <tag k="subtype" v="road"/>
    <tag k="speed_limit" v="10"/>
    <tag k="location" v="urban"/>
    <tag k="one_way" v="yes"/>
    <tag k="turn_direction" v="right"/>
  </relation>
  <relation id="8608">
    <member type="way" role="left" ref="8606"/>
    <member type="way" role="right" ref="8607"/>
    <tag k="type" v="lanelet"/>
    <tag k="subtype" v="road"/>
    <tag k="speed_limit" v="10"/>
    <tag k="location" v="urban"/>
    <tag k="one_way" v="yes"/>
  </relation>
  <relation id="8611">
    <member type="way" role="left" ref="8609"/>
    <member type="way" role="right" ref="8610"/>
    <tag k="type" v="lanelet"/>
    <tag k="subtype" v="road"/>
    <tag k="speed_limit" v="10"/>
    <tag k="location" v="urban"/>
    <tag k="one_way" v="yes"/>
  </relation>
  <relation id="8632">
    <member type="way" role="left" ref="8623"/>
    <member type="way" role="right" ref="8614"/>
    <tag k="type" v="lanelet"/>
    <tag k="subtype" v="road"/>
    <tag k="speed_limit" v="10"/>
    <tag k="location" v="urban"/>
    <tag k="one_way" v="yes"/>
    <tag k="turn_direction" v="right"/>
  </relation>
  <relation id="8635">
    <member type="way" role="left" ref="8633"/>
    <member type="way" role="right" ref="8634"/>
    <tag k="type" v="lanelet"/>
    <tag k="subtype" v="road"/>
    <tag k="speed_limit" v="10"/>
    <tag k="location" v="urban"/>
    <tag k="one_way" v="yes"/>
  </relation>
  <relation id="8638">
    <member type="way" role="left" ref="8636"/>
    <member type="way" role="right" ref="8637"/>
    <tag k="type" v="lanelet"/>
    <tag k="subtype" v="road"/>
    <tag k="speed_limit" v="10"/>
    <tag k="location" v="urban"/>
    <tag k="one_way" v="yes"/>
  </relation>
  <relation id="8661">
    <member type="way" role="left" ref="8641"/>
    <member type="way" role="right" ref="8651"/>
    <tag k="type" v="lanelet"/>
    <tag k="subtype" v="road"/>
    <tag k="speed_limit" v="10"/>
    <tag k="location" v="urban"/>
    <tag k="one_way" v="yes"/>
    <tag k="turn_direction" v="left"/>
  </relation>
  <relation id="8705">
    <member type="way" role="left" ref="8703"/>
    <member type="way" role="right" ref="8704"/>
    <tag k="type" v="lanelet"/>
    <tag k="subtype" v="road"/>
    <tag k="speed_limit" v="10"/>
    <tag k="location" v="urban"/>
    <tag k="one_way" v="yes"/>
  </relation>
  <relation id="8708">
    <member type="way" role="left" ref="8706"/>
    <member type="way" role="right" ref="8707"/>
    <tag k="type" v="lanelet"/>
    <tag k="subtype" v="road"/>
    <tag k="speed_limit" v="10"/>
    <tag k="location" v="urban"/>
    <tag k="one_way" v="yes"/>
  </relation>
  <relation id="8727">
    <member type="way" role="left" ref="8720"/>
    <member type="way" role="right" ref="8711"/>
    <tag k="type" v="lanelet"/>
    <tag k="subtype" v="road"/>
    <tag k="speed_limit" v="10"/>
    <tag k="location" v="urban"/>
    <tag k="one_way" v="yes"/>
  </relation>
  <relation id="8730">
    <member type="way" role="left" ref="8728"/>
    <member type="way" role="right" ref="8729"/>
    <tag k="type" v="lanelet"/>
    <tag k="subtype" v="road"/>
    <tag k="speed_limit" v="10"/>
    <tag k="location" v="urban"/>
    <tag k="one_way" v="yes"/>
  </relation>
  <relation id="8733">
    <member type="way" role="left" ref="8731"/>
    <member type="way" role="right" ref="8732"/>
    <tag k="type" v="lanelet"/>
    <tag k="subtype" v="road"/>
    <tag k="speed_limit" v="10"/>
    <tag k="location" v="urban"/>
    <tag k="one_way" v="yes"/>
  </relation>
  <relation id="8762">
    <member type="way" role="left" ref="8744"/>
    <member type="way" role="right" ref="8753"/>
    <tag k="type" v="lanelet"/>
    <tag k="subtype" v="road"/>
    <tag k="speed_limit" v="10"/>
    <tag k="location" v="urban"/>
    <tag k="one_way" v="yes"/>
  </relation>
  <relation id="8824">
    <member type="way" role="left" ref="8822"/>
    <member type="way" role="right" ref="8823"/>
    <tag k="type" v="lanelet"/>
    <tag k="subtype" v="road"/>
    <tag k="speed_limit" v="10"/>
    <tag k="location" v="urban"/>
    <tag k="one_way" v="yes"/>
  </relation>
  <relation id="8827">
    <member type="way" role="left" ref="8825"/>
    <member type="way" role="right" ref="8826"/>
    <tag k="type" v="lanelet"/>
    <tag k="subtype" v="road"/>
    <tag k="speed_limit" v="10"/>
    <tag k="location" v="urban"/>
    <tag k="one_way" v="yes"/>
  </relation>
  <relation id="8849">
    <member type="way" role="left" ref="8840"/>
    <member type="way" role="right" ref="8830"/>
    <tag k="type" v="lanelet"/>
    <tag k="subtype" v="road"/>
    <tag k="speed_limit" v="10"/>
    <tag k="location" v="urban"/>
    <tag k="one_way" v="yes"/>
  </relation>
  <relation id="8852">
    <member type="way" role="left" ref="8850"/>
    <member type="way" role="right" ref="8851"/>
    <tag k="type" v="lanelet"/>
    <tag k="subtype" v="road"/>
    <tag k="speed_limit" v="10"/>
    <tag k="location" v="urban"/>
    <tag k="one_way" v="yes"/>
  </relation>
  <relation id="8855">
    <member type="way" role="left" ref="8853"/>
    <member type="way" role="right" ref="8854"/>
    <tag k="type" v="lanelet"/>
    <tag k="subtype" v="road"/>
    <tag k="speed_limit" v="10"/>
    <tag k="location" v="urban"/>
    <tag k="one_way" v="yes"/>
  </relation>
  <relation id="8878">
    <member type="way" role="left" ref="8858"/>
    <member type="way" role="right" ref="8868"/>
    <tag k="type" v="lanelet"/>
    <tag k="subtype" v="road"/>
    <tag k="speed_limit" v="10"/>
    <tag k="location" v="urban"/>
    <tag k="one_way" v="yes"/>
  </relation>
  <relation id="8924">
    <member type="way" role="left" ref="8922"/>
    <member type="way" role="right" ref="8923"/>
    <tag k="type" v="lanelet"/>
    <tag k="subtype" v="road"/>
    <tag k="speed_limit" v="10"/>
    <tag k="location" v="urban"/>
    <tag k="one_way" v="yes"/>
  </relation>
  <relation id="8927">
    <member type="way" role="left" ref="8925"/>
    <member type="way" role="right" ref="8926"/>
    <tag k="type" v="lanelet"/>
    <tag k="subtype" v="road"/>
    <tag k="speed_limit" v="10"/>
    <tag k="location" v="urban"/>
    <tag k="one_way" v="yes"/>
  </relation>
  <relation id="8944">
    <member type="way" role="left" ref="8937"/>
    <member type="way" role="right" ref="8930"/>
    <tag k="type" v="lanelet"/>
    <tag k="subtype" v="road"/>
    <tag k="speed_limit" v="10"/>
    <tag k="location" v="urban"/>
    <tag k="one_way" v="yes"/>
  </relation>
  <relation id="8947">
    <member type="way" role="left" ref="8945"/>
    <member type="way" role="right" ref="8946"/>
    <tag k="type" v="lanelet"/>
    <tag k="subtype" v="road"/>
    <tag k="speed_limit" v="10"/>
    <tag k="location" v="urban"/>
    <tag k="one_way" v="yes"/>
  </relation>
  <relation id="8950">
    <member type="way" role="left" ref="8948"/>
    <member type="way" role="right" ref="8949"/>
    <tag k="type" v="lanelet"/>
    <tag k="subtype" v="road"/>
    <tag k="speed_limit" v="10"/>
    <tag k="location" v="urban"/>
    <tag k="one_way" v="yes"/>
  </relation>
  <relation id="8971">
    <member type="way" role="left" ref="8953"/>
    <member type="way" role="right" ref="8962"/>
    <tag k="type" v="lanelet"/>
    <tag k="subtype" v="road"/>
    <tag k="speed_limit" v="10"/>
    <tag k="location" v="urban"/>
    <tag k="one_way" v="yes"/>
  </relation>
  <relation id="9021">
    <member type="way" role="left" ref="9019"/>
    <member type="way" role="right" ref="9020"/>
    <tag k="type" v="lanelet"/>
    <tag k="subtype" v="road"/>
    <tag k="speed_limit" v="10"/>
    <tag k="location" v="urban"/>
    <tag k="one_way" v="yes"/>
  </relation>
  <relation id="9024">
    <member type="way" role="left" ref="9022"/>
    <member type="way" role="right" ref="9023"/>
    <tag k="type" v="lanelet"/>
    <tag k="subtype" v="road"/>
    <tag k="speed_limit" v="10"/>
    <tag k="location" v="urban"/>
    <tag k="one_way" v="yes"/>
  </relation>
  <relation id="9041">
    <member type="way" role="left" ref="9036"/>
    <member type="way" role="right" ref="9027"/>
    <tag k="type" v="lanelet"/>
    <tag k="subtype" v="road"/>
    <tag k="speed_limit" v="10"/>
    <tag k="location" v="urban"/>
    <tag k="one_way" v="yes"/>
  </relation>
  <relation id="9044">
    <member type="way" role="left" ref="9042"/>
    <member type="way" role="right" ref="9043"/>
    <tag k="type" v="lanelet"/>
    <tag k="subtype" v="road"/>
    <tag k="speed_limit" v="10"/>
    <tag k="location" v="urban"/>
    <tag k="one_way" v="yes"/>
  </relation>
  <relation id="9047">
    <member type="way" role="left" ref="9045"/>
    <member type="way" role="right" ref="9046"/>
    <tag k="type" v="lanelet"/>
    <tag k="subtype" v="road"/>
    <tag k="speed_limit" v="10"/>
    <tag k="location" v="urban"/>
    <tag k="one_way" v="yes"/>
  </relation>
  <relation id="9066">
    <member type="way" role="left" ref="9050"/>
    <member type="way" role="right" ref="9057"/>
    <tag k="type" v="lanelet"/>
    <tag k="subtype" v="road"/>
    <tag k="speed_limit" v="10"/>
    <tag k="location" v="urban"/>
    <tag k="one_way" v="yes"/>
  </relation>
  <relation id="9120">
    <member type="way" role="left" ref="9118"/>
    <member type="way" role="right" ref="9119"/>
    <tag k="type" v="lanelet"/>
    <tag k="subtype" v="road"/>
    <tag k="speed_limit" v="10"/>
    <tag k="location" v="urban"/>
    <tag k="one_way" v="yes"/>
  </relation>
  <relation id="9123">
    <member type="way" role="left" ref="9121"/>
    <member type="way" role="right" ref="9122"/>
    <tag k="type" v="lanelet"/>
    <tag k="subtype" v="road"/>
    <tag k="speed_limit" v="10"/>
    <tag k="location" v="urban"/>
    <tag k="one_way" v="yes"/>
  </relation>
  <relation id="9137">
    <member type="way" role="left" ref="9132"/>
    <member type="way" role="right" ref="9126"/>
    <tag k="type" v="lanelet"/>
    <tag k="subtype" v="road"/>
    <tag k="speed_limit" v="10"/>
    <tag k="location" v="urban"/>
    <tag k="one_way" v="yes"/>
  </relation>
  <relation id="9140">
    <member type="way" role="left" ref="9138"/>
    <member type="way" role="right" ref="9139"/>
    <tag k="type" v="lanelet"/>
    <tag k="subtype" v="road"/>
    <tag k="speed_limit" v="10"/>
    <tag k="location" v="urban"/>
    <tag k="one_way" v="yes"/>
  </relation>
  <relation id="9143">
    <member type="way" role="left" ref="9141"/>
    <member type="way" role="right" ref="9142"/>
    <tag k="type" v="lanelet"/>
    <tag k="subtype" v="road"/>
    <tag k="speed_limit" v="10"/>
    <tag k="location" v="urban"/>
    <tag k="one_way" v="yes"/>
  </relation>
  <relation id="9159">
    <member type="way" role="left" ref="9146"/>
    <member type="way" role="right" ref="9153"/>
    <tag k="type" v="lanelet"/>
    <tag k="subtype" v="road"/>
    <tag k="speed_limit" v="10"/>
    <tag k="location" v="urban"/>
    <tag k="one_way" v="yes"/>
  </relation>
  <relation id="9211">
    <member type="way" role="left" ref="9209"/>
    <member type="way" role="right" ref="9210"/>
    <tag k="type" v="lanelet"/>
    <tag k="subtype" v="road"/>
    <tag k="speed_limit" v="10"/>
    <tag k="location" v="urban"/>
    <tag k="one_way" v="yes"/>
  </relation>
  <relation id="9214">
    <member type="way" role="left" ref="9212"/>
    <member type="way" role="right" ref="9213"/>
    <tag k="type" v="lanelet"/>
    <tag k="subtype" v="road"/>
    <tag k="speed_limit" v="10"/>
    <tag k="location" v="urban"/>
    <tag k="one_way" v="yes"/>
  </relation>
  <relation id="9230">
    <member type="way" role="left" ref="9224"/>
    <member type="way" role="right" ref="9217"/>
    <tag k="type" v="lanelet"/>
    <tag k="subtype" v="road"/>
    <tag k="speed_limit" v="10"/>
    <tag k="location" v="urban"/>
    <tag k="one_way" v="yes"/>
  </relation>
  <relation id="9233">
    <member type="way" role="left" ref="9231"/>
    <member type="way" role="right" ref="9232"/>
    <tag k="type" v="lanelet"/>
    <tag k="subtype" v="road"/>
    <tag k="speed_limit" v="10"/>
    <tag k="location" v="urban"/>
    <tag k="one_way" v="yes"/>
  </relation>
  <relation id="9236">
    <member type="way" role="left" ref="9234"/>
    <member type="way" role="right" ref="9235"/>
    <tag k="type" v="lanelet"/>
    <tag k="subtype" v="road"/>
    <tag k="speed_limit" v="10"/>
    <tag k="location" v="urban"/>
    <tag k="one_way" v="yes"/>
  </relation>
  <relation id="9250">
    <member type="way" role="left" ref="9245"/>
    <member type="way" role="right" ref="9239"/>
    <tag k="type" v="lanelet"/>
    <tag k="subtype" v="road"/>
    <tag k="speed_limit" v="10"/>
    <tag k="location" v="urban"/>
    <tag k="one_way" v="yes"/>
    <tag k="turn_direction" v="right"/>
  </relation>
  <relation id="9253">
    <member type="way" role="left" ref="9251"/>
    <member type="way" role="right" ref="9252"/>
    <tag k="type" v="lanelet"/>
    <tag k="subtype" v="road"/>
    <tag k="speed_limit" v="10"/>
    <tag k="location" v="urban"/>
    <tag k="one_way" v="yes"/>
  </relation>
  <relation id="9256">
    <member type="way" role="left" ref="9254"/>
    <member type="way" role="right" ref="9255"/>
    <tag k="type" v="lanelet"/>
    <tag k="subtype" v="road"/>
    <tag k="speed_limit" v="10"/>
    <tag k="location" v="urban"/>
    <tag k="one_way" v="yes"/>
  </relation>
  <relation id="9270">
    <member type="way" role="left" ref="9259"/>
    <member type="way" role="right" ref="9265"/>
    <tag k="type" v="lanelet"/>
    <tag k="subtype" v="road"/>
    <tag k="speed_limit" v="10"/>
    <tag k="location" v="urban"/>
    <tag k="one_way" v="yes"/>
  </relation>
  <relation id="9332">
    <member type="way" role="left" ref="9330"/>
    <member type="way" role="right" ref="9331"/>
    <tag k="type" v="lanelet"/>
    <tag k="subtype" v="road"/>
    <tag k="speed_limit" v="10"/>
    <tag k="location" v="urban"/>
    <tag k="one_way" v="yes"/>
  </relation>
  <relation id="9335">
    <member type="way" role="left" ref="9333"/>
    <member type="way" role="right" ref="9334"/>
    <tag k="type" v="lanelet"/>
    <tag k="subtype" v="road"/>
    <tag k="speed_limit" v="10"/>
    <tag k="location" v="urban"/>
    <tag k="one_way" v="yes"/>
  </relation>
  <relation id="9351">
    <member type="way" role="left" ref="9345"/>
    <member type="way" role="right" ref="9338"/>
    <tag k="type" v="lanelet"/>
    <tag k="subtype" v="road"/>
    <tag k="speed_limit" v="10"/>
    <tag k="location" v="urban"/>
    <tag k="one_way" v="yes"/>
    <tag k="turn_direction" v="right"/>
  </relation>
  <relation id="9354">
    <member type="way" role="left" ref="9352"/>
    <member type="way" role="right" ref="9353"/>
    <tag k="type" v="lanelet"/>
    <tag k="subtype" v="road"/>
    <tag k="speed_limit" v="10"/>
    <tag k="location" v="urban"/>
    <tag k="one_way" v="yes"/>
  </relation>
  <relation id="9357">
    <member type="way" role="left" ref="9355"/>
    <member type="way" role="right" ref="9356"/>
    <tag k="type" v="lanelet"/>
    <tag k="subtype" v="road"/>
    <tag k="speed_limit" v="10"/>
    <tag k="location" v="urban"/>
    <tag k="one_way" v="yes"/>
  </relation>
  <relation id="9369">
    <member type="way" role="left" ref="9360"/>
    <member type="way" role="right" ref="9365"/>
    <tag k="type" v="lanelet"/>
    <tag k="subtype" v="road"/>
    <tag k="speed_limit" v="10"/>
    <tag k="location" v="urban"/>
    <tag k="one_way" v="yes"/>
    <tag k="turn_direction" v="left"/>
  </relation>
  <relation id="9437">
    <member type="way" role="left" ref="9435"/>
    <member type="way" role="right" ref="9436"/>
    <tag k="type" v="lanelet"/>
    <tag k="subtype" v="road"/>
    <tag k="speed_limit" v="10"/>
    <tag k="location" v="urban"/>
    <tag k="one_way" v="yes"/>
  </relation>
  <relation id="9440">
    <member type="way" role="left" ref="9438"/>
    <member type="way" role="right" ref="9439"/>
    <tag k="type" v="lanelet"/>
    <tag k="subtype" v="road"/>
    <tag k="speed_limit" v="10"/>
    <tag k="location" v="urban"/>
    <tag k="one_way" v="yes"/>
  </relation>
  <relation id="9454">
    <member type="way" role="left" ref="9450"/>
    <member type="way" role="right" ref="9443"/>
    <tag k="type" v="lanelet"/>
    <tag k="subtype" v="road"/>
    <tag k="speed_limit" v="10"/>
    <tag k="location" v="urban"/>
    <tag k="one_way" v="yes"/>
  </relation>
  <relation id="9490">
    <member type="way" role="left" ref="9488"/>
    <member type="way" role="right" ref="9489"/>
    <tag k="type" v="lanelet"/>
    <tag k="subtype" v="road"/>
    <tag k="speed_limit" v="10"/>
    <tag k="location" v="urban"/>
    <tag k="one_way" v="yes"/>
  </relation>
  <relation id="9500">
    <member type="way" role="left" ref="9498"/>
    <member type="way" role="right" ref="9499"/>
    <tag k="type" v="lanelet"/>
    <tag k="subtype" v="road"/>
    <tag k="speed_limit" v="10"/>
    <tag k="location" v="urban"/>
    <tag k="one_way" v="yes"/>
  </relation>
  <relation id="9511">
    <member type="way" role="left" ref="9503"/>
    <member type="way" role="right" ref="9509"/>
    <tag k="type" v="lanelet"/>
    <tag k="subtype" v="road"/>
    <tag k="speed_limit" v="10"/>
    <tag k="location" v="urban"/>
    <tag k="one_way" v="yes"/>
    <tag k="turn_direction" v="left"/>
  </relation>
  <relation id="9559">
    <member type="way" role="left" ref="9557"/>
    <member type="way" role="right" ref="9558"/>
    <tag k="type" v="lanelet"/>
    <tag k="subtype" v="road"/>
    <tag k="speed_limit" v="10"/>
    <tag k="location" v="urban"/>
    <tag k="one_way" v="yes"/>
  </relation>
  <relation id="9562">
    <member type="way" role="left" ref="9560"/>
    <member type="way" role="right" ref="9561"/>
    <tag k="type" v="lanelet"/>
    <tag k="subtype" v="road"/>
    <tag k="speed_limit" v="10"/>
    <tag k="location" v="urban"/>
    <tag k="one_way" v="yes"/>
  </relation>
  <relation id="9575">
    <member type="way" role="left" ref="9573"/>
    <member type="way" role="right" ref="9565"/>
    <tag k="type" v="lanelet"/>
    <tag k="subtype" v="road"/>
    <tag k="speed_limit" v="10"/>
    <tag k="location" v="urban"/>
    <tag k="one_way" v="yes"/>
    <tag k="turn_direction" v="right"/>
  </relation>
  <relation id="9578">
    <member type="way" role="left" ref="9576"/>
    <member type="way" role="right" ref="9577"/>
    <tag k="type" v="lanelet"/>
    <tag k="subtype" v="road"/>
    <tag k="speed_limit" v="10"/>
    <tag k="location" v="urban"/>
    <tag k="one_way" v="yes"/>
  </relation>
  <relation id="9581">
    <member type="way" role="left" ref="9579"/>
    <member type="way" role="right" ref="9580"/>
    <tag k="type" v="lanelet"/>
    <tag k="subtype" v="road"/>
    <tag k="speed_limit" v="10"/>
    <tag k="location" v="urban"/>
    <tag k="one_way" v="yes"/>
  </relation>
  <relation id="9614">
    <member type="way" role="left" ref="9612"/>
    <member type="way" role="right" ref="9613"/>
    <tag k="type" v="lanelet"/>
    <tag k="subtype" v="road"/>
    <tag k="speed_limit" v="10"/>
    <tag k="location" v="urban"/>
    <tag k="one_way" v="yes"/>
  </relation>
  <relation id="9661">
    <member type="way" role="left" ref="9659"/>
    <member type="way" role="right" ref="9660"/>
    <tag k="type" v="lanelet"/>
    <tag k="subtype" v="road"/>
    <tag k="speed_limit" v="10"/>
    <tag k="location" v="urban"/>
    <tag k="one_way" v="yes"/>
  </relation>
  <relation id="9677">
    <member type="way" role="left" ref="9671"/>
    <member type="way" role="right" ref="9664"/>
    <tag k="type" v="lanelet"/>
    <tag k="subtype" v="road"/>
    <tag k="speed_limit" v="10"/>
    <tag k="location" v="urban"/>
    <tag k="one_way" v="yes"/>
    <tag k="turn_direction" v="right"/>
  </relation>
  <relation id="9680">
    <member type="way" role="left" ref="9678"/>
    <member type="way" role="right" ref="9679"/>
    <tag k="type" v="lanelet"/>
    <tag k="subtype" v="road"/>
    <tag k="speed_limit" v="10"/>
    <tag k="location" v="urban"/>
    <tag k="one_way" v="yes"/>
  </relation>
  <relation id="9683">
    <member type="way" role="left" ref="9681"/>
    <member type="way" role="right" ref="9682"/>
    <tag k="type" v="lanelet"/>
    <tag k="subtype" v="road"/>
    <tag k="speed_limit" v="10"/>
    <tag k="location" v="urban"/>
    <tag k="one_way" v="yes"/>
  </relation>
  <relation id="9694">
    <member type="way" role="left" ref="9686"/>
    <member type="way" role="right" ref="9692"/>
    <tag k="type" v="lanelet"/>
    <tag k="subtype" v="road"/>
    <tag k="speed_limit" v="10"/>
    <tag k="location" v="urban"/>
    <tag k="one_way" v="yes"/>
  </relation>
  <relation id="9748">
    <member type="way" role="left" ref="9746"/>
    <member type="way" role="right" ref="9747"/>
    <tag k="type" v="lanelet"/>
    <tag k="subtype" v="road"/>
    <tag k="speed_limit" v="10"/>
    <tag k="location" v="urban"/>
    <tag k="one_way" v="yes"/>
  </relation>
  <relation id="9751">
    <member type="way" role="left" ref="9749"/>
    <member type="way" role="right" ref="9750"/>
    <tag k="type" v="lanelet"/>
    <tag k="subtype" v="road"/>
    <tag k="speed_limit" v="10"/>
    <tag k="location" v="urban"/>
    <tag k="one_way" v="yes"/>
  </relation>
  <relation id="9754">
    <member type="way" role="left" ref="9752"/>
    <member type="way" role="right" ref="9753"/>
    <tag k="type" v="lanelet"/>
    <tag k="subtype" v="road"/>
    <tag k="speed_limit" v="10"/>
    <tag k="location" v="urban"/>
    <tag k="one_way" v="yes"/>
  </relation>
  <relation id="9757">
    <member type="way" role="left" ref="9755"/>
    <member type="way" role="right" ref="9756"/>
    <tag k="type" v="lanelet"/>
    <tag k="subtype" v="road"/>
    <tag k="speed_limit" v="10"/>
    <tag k="location" v="urban"/>
    <tag k="one_way" v="yes"/>
  </relation>
  <relation id="9760">
    <member type="way" role="left" ref="9758"/>
    <member type="way" role="right" ref="9759"/>
    <tag k="type" v="lanelet"/>
    <tag k="subtype" v="road"/>
    <tag k="speed_limit" v="10"/>
    <tag k="location" v="urban"/>
    <tag k="one_way" v="yes"/>
  </relation>
  <relation id="9763">
    <member type="way" role="left" ref="9761"/>
    <member type="way" role="right" ref="9762"/>
    <tag k="type" v="lanelet"/>
    <tag k="subtype" v="road"/>
    <tag k="speed_limit" v="10"/>
    <tag k="location" v="urban"/>
    <tag k="one_way" v="yes"/>
  </relation>
  <relation id="9766">
    <member type="way" role="left" ref="9764"/>
    <member type="way" role="right" ref="9765"/>
    <tag k="type" v="lanelet"/>
    <tag k="subtype" v="road"/>
    <tag k="speed_limit" v="10"/>
    <tag k="location" v="urban"/>
    <tag k="one_way" v="yes"/>
  </relation>
  <relation id="9769">
    <member type="way" role="left" ref="9767"/>
    <member type="way" role="right" ref="9768"/>
    <tag k="type" v="lanelet"/>
    <tag k="subtype" v="road"/>
    <tag k="speed_limit" v="10"/>
    <tag k="location" v="urban"/>
    <tag k="one_way" v="yes"/>
  </relation>
  <relation id="9772">
    <member type="way" role="left" ref="9770"/>
    <member type="way" role="right" ref="9771"/>
    <tag k="type" v="lanelet"/>
    <tag k="subtype" v="road"/>
    <tag k="speed_limit" v="10"/>
    <tag k="location" v="urban"/>
    <tag k="one_way" v="yes"/>
  </relation>
  <relation id="9775">
    <member type="way" role="left" ref="9773"/>
    <member type="way" role="right" ref="9774"/>
    <tag k="type" v="lanelet"/>
    <tag k="subtype" v="road"/>
    <tag k="speed_limit" v="10"/>
    <tag k="location" v="urban"/>
    <tag k="one_way" v="yes"/>
  </relation>
  <relation id="9778">
    <member type="way" role="left" ref="9776"/>
    <member type="way" role="right" ref="9777"/>
    <tag k="type" v="lanelet"/>
    <tag k="subtype" v="road"/>
    <tag k="speed_limit" v="10"/>
    <tag k="location" v="urban"/>
    <tag k="one_way" v="yes"/>
  </relation>
  <relation id="9825">
    <member type="way" role="left" ref="9823"/>
    <member type="way" role="right" ref="9824"/>
    <tag k="type" v="lanelet"/>
    <tag k="subtype" v="road"/>
    <tag k="speed_limit" v="10"/>
    <tag k="location" v="urban"/>
    <tag k="one_way" v="yes"/>
  </relation>
  <relation id="9828">
    <member type="way" role="left" ref="9826"/>
    <member type="way" role="right" ref="9827"/>
    <tag k="type" v="lanelet"/>
    <tag k="subtype" v="road"/>
    <tag k="speed_limit" v="10"/>
    <tag k="location" v="urban"/>
    <tag k="one_way" v="yes"/>
  </relation>
  <relation id="9855">
    <member type="way" role="left" ref="9853"/>
    <member type="way" role="right" ref="9854"/>
    <tag k="type" v="lanelet"/>
    <tag k="subtype" v="road"/>
    <tag k="speed_limit" v="10"/>
    <tag k="location" v="urban"/>
    <tag k="one_way" v="yes"/>
  </relation>
  <relation id="9916">
    <member type="way" role="left" ref="9912"/>
    <member type="way" role="right" ref="9905"/>
    <tag k="type" v="lanelet"/>
    <tag k="subtype" v="road"/>
    <tag k="speed_limit" v="10"/>
    <tag k="location" v="urban"/>
    <tag k="one_way" v="yes"/>
  </relation>
  <relation id="9919">
    <member type="way" role="left" ref="9917"/>
    <member type="way" role="right" ref="9918"/>
    <tag k="type" v="lanelet"/>
    <tag k="subtype" v="road"/>
    <tag k="speed_limit" v="10"/>
    <tag k="location" v="urban"/>
    <tag k="one_way" v="yes"/>
  </relation>
  <relation id="9922">
    <member type="way" role="left" ref="9920"/>
    <member type="way" role="right" ref="9921"/>
    <tag k="type" v="lanelet"/>
    <tag k="subtype" v="road"/>
    <tag k="speed_limit" v="10"/>
    <tag k="location" v="urban"/>
    <tag k="one_way" v="yes"/>
  </relation>
  <relation id="10007">
    <member type="way" role="left" ref="10001"/>
    <member type="way" role="right" ref="9994"/>
    <tag k="type" v="lanelet"/>
    <tag k="subtype" v="road"/>
    <tag k="speed_limit" v="10"/>
    <tag k="location" v="urban"/>
    <tag k="one_way" v="yes"/>
  </relation>
  <relation id="10010">
    <member type="way" role="left" ref="10008"/>
    <member type="way" role="right" ref="10009"/>
    <tag k="type" v="lanelet"/>
    <tag k="subtype" v="road"/>
    <tag k="speed_limit" v="10"/>
    <tag k="location" v="urban"/>
    <tag k="one_way" v="yes"/>
  </relation>
  <relation id="10013">
    <member type="way" role="left" ref="10011"/>
    <member type="way" role="right" ref="10012"/>
    <tag k="type" v="lanelet"/>
    <tag k="subtype" v="road"/>
    <tag k="speed_limit" v="10"/>
    <tag k="location" v="urban"/>
    <tag k="one_way" v="yes"/>
  </relation>
  <relation id="10024">
    <member type="way" role="left" ref="10016"/>
    <member type="way" role="right" ref="10021"/>
    <tag k="type" v="lanelet"/>
    <tag k="subtype" v="road"/>
    <tag k="speed_limit" v="10"/>
    <tag k="location" v="urban"/>
    <tag k="one_way" v="yes"/>
  </relation>
  <relation id="10084">
    <member type="way" role="left" ref="10082"/>
    <member type="way" role="right" ref="10083"/>
    <tag k="type" v="lanelet"/>
    <tag k="subtype" v="road"/>
    <tag k="speed_limit" v="10"/>
    <tag k="location" v="urban"/>
    <tag k="one_way" v="yes"/>
  </relation>
  <relation id="10087">
    <member type="way" role="left" ref="10085"/>
    <member type="way" role="right" ref="10086"/>
    <tag k="type" v="lanelet"/>
    <tag k="subtype" v="road"/>
    <tag k="speed_limit" v="10"/>
    <tag k="location" v="urban"/>
    <tag k="one_way" v="yes"/>
  </relation>
  <relation id="10097">
    <member type="way" role="left" ref="10090"/>
    <member type="way" role="right" ref="10095"/>
    <tag k="type" v="lanelet"/>
    <tag k="subtype" v="road"/>
    <tag k="speed_limit" v="10"/>
    <tag k="location" v="urban"/>
    <tag k="one_way" v="yes"/>
  </relation>
  <relation id="10155">
    <member type="way" role="left" ref="10153"/>
    <member type="way" role="right" ref="10154"/>
    <tag k="type" v="lanelet"/>
    <tag k="subtype" v="road"/>
    <tag k="speed_limit" v="10"/>
    <tag k="location" v="urban"/>
    <tag k="one_way" v="yes"/>
  </relation>
  <relation id="10158">
    <member type="way" role="left" ref="10156"/>
    <member type="way" role="right" ref="10157"/>
    <tag k="type" v="lanelet"/>
    <tag k="subtype" v="road"/>
    <tag k="speed_limit" v="10"/>
    <tag k="location" v="urban"/>
    <tag k="one_way" v="yes"/>
  </relation>
  <relation id="10225">
    <member type="way" role="left" ref="10223"/>
    <member type="way" role="right" ref="10224"/>
    <tag k="type" v="lanelet"/>
    <tag k="subtype" v="road"/>
    <tag k="speed_limit" v="10"/>
    <tag k="location" v="urban"/>
    <tag k="one_way" v="yes"/>
  </relation>
</osm>
